schema_version,timestamp,cycle_id,class,conf_min,conf_max,conf_ave,num_detections,final_flag
1.0.0,2026-08-05 02:55:58.758,1,twin,0.97,0.98,0.97,6,1
1.0.0,2026-08-05 02:55:59.912,2,healthy,0.96,0.98,0.96,6,1
1.0.0,2026-08-05 02:56:01.023,3,healthy,0.6,0.91,0.82,6,0
1.0.0,2026-08-05 02:56:01.023,3,twin,0.96,0.97,0.97,6,1
1.0.0,2026-08-05 02:56:02.119,4,unripe,0.96,0.98,0.97,12,1
1.0.0,2026-08-05 02:56:03.369,5,twin,0.96,0.98,0.97,6,1
1.0.0,2026-08-05 02:56:03.369,5,healthy,0.92,0.95,0.93,6,0
1.0.0,2026-08-05 02:56:04.674,6,healthy,0.95,0.98,0.97,12,1
1.0.0,2026-08-05 02:56:05.668,7,twin,0.69,0.97,0.89,12,1
1.0.0,2026-08-05 02:56:06.869,8,unripe,0.95,0.98,0.97,12,1
1.0.0,2026-08-05 02:56:08.027,9,healthy,0.85,0.97,0.95,12,1
1.0.0,2026-08-05 02:56:09.324,10,healthy,0.76,0.97,0.91,6,0
1.0.0,2026-08-05 02:56:09.324,10,stemcrack,0.93,0.95,0.94,4,1
1.0.0,2026-08-05 02:56:10.561,11,healthy,0.91,0.99,0.96,12,1
1.0.0,2026-08-05 02:56:11.570,12,twin,0.92,0.98,0.97,12,1
1.0.0,2026-08-05 02:56:12.773,13,healthy,0.72,0.98,0.94,12,1
1.0.0,2026-08-05 02:56:13.827,14,healthy,0.56,0.88,0.79,6,0
1.0.0,2026-08-05 02:56:13.827,14,twin,0.96,0.98,0.97,6,1
1.0.0,2026-08-05 02:56:14.923,15,unripe,0.96,0.97,0.97,12,1
1.0.0,2026-08-05 02:56:16.181,16,twin,0.96,0.97,0.97,6,1
1.0.0,2026-08-05 02:56:16.181,16,healthy,0.92,0.97,0.94,6,0
1.0.0,2026-08-05 02:56:17.460,17,healthy,0.94,0.97,0.96,12,1
1.0.0,2026-08-05 02:56:18.527,18,twin,0.56,0.97,0.89,11,1
1.0.0,2026-08-05 02:56:19.682,19,unripe,0.96,0.98,0.97,12,1
1.0.0,2026-08-05 02:56:20.873,20,healthy,0.88,0.97,0.96,12,1
1.0.0,2026-08-05 02:56:22.123,21,healthy,0.77,0.96,0.91,6,0
1.0.0,2026-08-05 02:56:22.123,21,stemcrack,0.93,0.95,0.94,4,1
1.0.0,2026-08-05 02:56:23.360,22,healthy,0.93,0.98,0.96,12,1
1.0.0,2026-08-05 02:56:24.410,23,twin,0.94,0.98,0.97,12,1
1.0.0,2026-08-05 02:56:25.577,24,healthy,0.64,0.98,0.93,11,1
1.0.0,2026-08-05 02:56:26.622,25,twin,0.96,0.98,0.97,6,1
1.0.0,2026-08-05 02:56:26.622,25,healthy,0.57,0.93,0.81,6,0
1.0.0,2026-08-05 02:56:27.714,26,unripe,0.96,0.97,0.97,12,1
1.0.0,2026-08-05 02:56:29.028,27,twin,0.96,0.98,0.97,6,1
1.0.0,2026-08-05 02:56:29.028,27,healthy,0.93,0.95,0.94,6,0
1.0.0,2026-08-05 02:56:30.277,28,healthy,0.92,0.98,0.96,12,1
1.0.0,2026-08-05 02:56:31.327,29,twin,0.58,0.97,0.89,12,1
1.0.0,2026-08-05 02:56:32.529,30,unripe,0.96,0.98,0.97,12,1
1.0.0,2026-08-05 02:56:33.672,31,healthy,0.89,0.97,0.95,12,1
1.0.0,2026-08-05 02:56:34.923,32,healthy,0.75,0.97,0.9,6,0
1.0.0,2026-08-05 02:56:34.923,32,stemcrack,0.94,0.95,0.95,4,1
1.0.0,2026-08-05 02:56:36.115,33,healthy,0.89,0.98,0.95,12,1
1.0.0,2026-08-05 02:56:37.214,34,twin,0.92,0.98,0.97,12,1
1.0.0,2026-08-05 02:56:38.385,35,healthy,0.58,0.98,0.88,12,1
1.0.0,2026-08-05 02:56:39.463,36,healthy,0.78,0.92,0.84,5,0
1.0.0,2026-08-05 02:56:39.463,36,twin,0.83,0.98,0.95,7,1
1.0.0,2026-08-05 02:56:40.573,37,unripe,0.96,0.98,0.97,12,1
1.0.0,2026-08-05 02:56:41.824,38,twin,0.96,0.98,0.97,6,1
1.0.0,2026-08-05 02:56:41.824,38,healthy,0.93,0.95,0.94,6,0
1.0.0,2026-08-05 02:56:43.091,39,healthy,0.93,0.98,0.96,12,1
1.0.0,2026-08-05 02:56:44.173,40,twin,0.53,0.97,0.91,12,1
1.0.0,2026-08-05 02:56:45.322,41,unripe,0.95,0.98,0.97,12,1
1.0.0,2026-08-05 02:56:46.462,42,healthy,0.91,0.97,0.96,12,1
1.0.0,2026-08-05 02:56:47.764,43,healthy,0.68,0.97,0.88,6,0
1.0.0,2026-08-05 02:56:47.764,43,stemcrack,0.92,0.96,0.94,4,1
1.0.0,2026-08-05 02:56:49.016,44,healthy,0.87,0.98,0.96,12,1
1.0.0,2026-08-05 02:56:50.027,45,twin,0.95,0.98,0.97,12,1
1.0.0,2026-08-05 02:56:51.173,46,healthy,0.74,0.97,0.93,11,1
1.0.0,2026-08-05 02:56:52.277,47,twin,0.79,0.98,0.94,7,1
1.0.0,2026-08-05 02:56:52.277,47,healthy,0.75,0.93,0.84,5,0
1.0.0,2026-08-05 02:56:53.373,48,unripe,0.96,0.98,0.97,12,1
1.0.0,2026-08-05 02:56:54.623,49,twin,0.96,0.97,0.97,6,1
1.0.0,2026-08-05 02:56:54.623,49,healthy,0.93,0.96,0.95,6,0
1.0.0,2026-08-05 02:56:55.913,50,healthy,0.91,0.98,0.96,12,1
1.0.0,2026-08-05 02:56:56.973,51,twin,0.87,0.97,0.94,11,1
1.0.0,2026-08-05 02:56:56.973,51,healthy,0.58,0.58,0.58,1,0
1.0.0,2026-08-05 02:56:58.184,52,unripe,0.96,0.98,0.97,12,1
1.0.0,2026-08-05 02:56:59.323,53,healthy,0.93,0.97,0.96,12,1
1.0.0,2026-08-05 02:57:00.573,54,healthy,0.75,0.97,0.9,6,0
1.0.0,2026-08-05 02:57:00.573,54,stemcrack,0.92,0.95,0.94,4,1
1.0.0,2026-08-05 02:57:01.815,55,healthy,0.93,0.98,0.96,12,1
1.0.0,2026-08-05 02:57:02.824,56,twin,0.94,0.98,0.97,12,1
1.0.0,2026-08-05 02:57:03.964,57,healthy,0.87,0.98,0.96,12,1
1.0.0,2026-08-05 02:57:05.073,58,twin,0.96,0.97,0.97,6,1
1.0.0,2026-08-05 02:57:05.073,58,healthy,0.69,0.93,0.83,6,0
1.0.0,2026-08-05 02:57:06.172,59,unripe,0.96,0.98,0.97,12,1
1.0.0,2026-08-05 02:57:07.423,60,twin,0.96,0.98,0.97,6,1
1.0.0,2026-08-05 02:57:07.423,60,healthy,0.92,0.95,0.93,6,0
1.0.0,2026-08-05 02:57:08.714,61,healthy,0.93,0.98,0.96,12,1
1.0.0,2026-08-05 02:57:09.778,62,twin,0.89,0.97,0.94,10,1
1.0.0,2026-08-05 02:57:09.778,62,healthy,0.79,0.79,0.79,1,0
1.0.0,2026-08-05 02:57:10.963,63,unripe,0.96,0.98,0.97,12,1
1.0.0,2026-08-05 02:57:12.124,64,healthy,0.9,0.97,0.95,12,1
1.0.0,2026-08-05 02:57:13.374,65,healthy,0.81,0.97,0.91,6,0
1.0.0,2026-08-05 02:57:13.374,65,stemcrack,0.92,0.95,0.94,4,1
1.0.0,2026-08-05 02:57:14.613,66,healthy,0.85,0.98,0.95,12,1
1.0.0,2026-08-05 02:57:15.664,67,twin,0.96,0.98,0.97,12,1
1.0.0,2026-08-05 02:57:16.828,68,healthy,0.76,0.98,0.94,11,1
1.0.0,2026-08-05 02:57:17.823,69,twin,0.83,0.98,0.95,7,1
1.0.0,2026-08-05 02:57:17.823,69,healthy,0.85,0.92,0.9,5,0
1.0.0,2026-08-05 02:57:18.963,70,unripe,0.96,0.98,0.97,12,1
1.0.0,2026-08-05 02:57:20.264,71,twin,0.96,0.98,0.97,6,1
1.0.0,2026-08-05 02:57:20.264,71,healthy,0.92,0.95,0.94,6,0
1.0.0,2026-08-05 02:57:21.527,72,healthy,0.94,0.98,0.96,12,1
1.0.0,2026-08-05 02:57:22.574,73,twin,0.61,0.97,0.89,12,1
1.0.0,2026-08-05 02:57:23.777,74,unripe,0.95,0.98,0.97,12,1
1.0.0,2026-08-05 02:57:24.924,75,healthy,0.91,0.97,0.96,12,1
1.0.0,2026-08-05 02:57:26.173,76,healthy,0.76,0.96,0.9,6,0
1.0.0,2026-08-05 02:57:26.173,76,stemcrack,0.92,0.95,0.94,4,1
1.0.0,2026-08-05 02:57:27.427,77,healthy,0.92,0.97,0.96,12,1
1.0.0,2026-08-05 02:57:28.464,78,twin,0.96,0.98,0.97,12,1
1.0.0,2026-08-05 02:57:29.626,79,healthy,0.63,0.98,0.94,10,1
1.0.0,2026-08-05 02:57:30.673,80,healthy,0.61,0.94,0.85,6,0
1.0.0,2026-08-05 02:57:30.673,80,twin,0.96,0.98,0.97,6,1
1.0.0,2026-08-05 02:57:31.824,81,unripe,0.96,0.98,0.97,12,1
1.0.0,2026-08-05 02:57:33.074,82,twin,0.96,0.98,0.97,6,1
1.0.0,2026-08-05 02:57:33.074,82,healthy,0.93,0.97,0.95,6,0
1.0.0,2026-08-05 02:57:34.363,83,healthy,0.9,0.98,0.96,12,1
1.0.0,2026-08-05 02:57:35.424,84,twin,0.87,0.97,0.94,12,1
1.0.0,2026-08-05 02:57:36.574,85,unripe,0.96,0.98,0.97,12,1
1.0.0,2026-08-05 02:57:37.714,86,healthy,0.88,0.97,0.95,12,1
1.0.0,2026-08-05 02:57:38.964,87,healthy,0.76,0.96,0.89,6,0
1.0.0,2026-08-05 02:57:38.964,87,stemcrack,0.94,0.95,0.95,4,1
1.0.0,2026-08-05 02:57:40.266,88,healthy,0.64,0.98,0.93,12,1
1.0.0,2026-08-05 02:57:41.279,89,twin,0.96,0.98,0.97,12,1
1.0.0,2026-08-05 02:57:42.425,90,healthy,0.94,0.98,0.97,10,1
1.0.0,2026-08-05 02:57:43.464,91,healthy,0.81,0.93,0.89,6,0
1.0.0,2026-08-05 02:57:43.464,91,twin,0.96,0.98,0.97,6,1
1.0.0,2026-08-05 02:57:44.623,92,unripe,0.96,0.98,0.97,12,1
1.0.0,2026-08-05 02:57:45.873,93,twin,0.97,0.98,0.97,6,1
1.0.0,2026-08-05 02:57:45.873,93,healthy,0.92,0.95,0.94,6,0
1.0.0,2026-08-05 02:57:47.186,94,healthy,0.95,0.98,0.97,12,1
1.0.0,2026-08-05 02:57:48.214,95,twin,0.75,0.97,0.93,11,1
1.0.0,2026-08-05 02:57:48.214,95,healthy,0.56,0.56,0.56,1,0
1.0.0,2026-08-05 02:57:49.423,96,unripe,0.95,0.98,0.97,12,1
1.0.0,2026-08-05 02:57:50.528,97,healthy,0.88,0.97,0.95,12,1
1.0.0,2026-08-05 02:57:51.823,98,healthy,0.79,0.97,0.91,6,0
1.0.0,2026-08-05 02:57:51.823,98,stemcrack,0.93,0.96,0.94,4,1
1.0.0,2026-08-05 02:57:53.028,99,healthy,0.91,0.98,0.96,12,1
1.0.0,2026-08-05 02:57:54.074,100,twin,0.96,0.98,0.97,12,1
1.0.0,2026-08-05 02:57:55.215,101,healthy,0.54,0.97,0.89,12,1
1.0.0,2026-08-05 02:57:56.278,102,twin,0.87,0.98,0.95,7,1
1.0.0,2026-08-05 02:57:56.278,102,healthy,0.72,0.94,0.82,5,0
1.0.0,2026-08-05 02:57:57.435,103,unripe,0.96,0.98,0.97,12,1
1.0.0,2026-08-05 02:57:58.685,104,twin,0.96,0.98,0.97,6,1
1.0.0,2026-08-05 02:57:58.685,104,healthy,0.92,0.96,0.94,6,0
1.0.0,2026-08-05 02:57:59.964,105,healthy,0.92,0.98,0.96,12,1
1.0.0,2026-08-05 02:58:01.028,106,twin,0.52,0.97,0.88,12,1
1.0.0,2026-08-05 02:58:02.214,107,unripe,0.96,0.98,0.97,12,1
1.0.0,2026-08-05 02:58:03.373,108,healthy,0.92,0.98,0.96,12,1
1.0.0,2026-08-05 02:58:04.624,109,healthy,0.83,0.97,0.92,6,0
1.0.0,2026-08-05 02:58:04.624,109,stemcrack,0.93,0.95,0.94,4,1
1.0.0,2026-08-05 02:58:05.864,110,healthy,0.72,0.98,0.92,12,1
1.0.0,2026-08-05 02:58:06.914,111,twin,0.96,0.98,0.97,12,1
1.0.0,2026-08-05 02:58:08.076,112,healthy,0.6,0.98,0.93,12,1
1.0.0,2026-08-05 02:58:09.073,113,twin,0.96,0.97,0.97,6,1
1.0.0,2026-08-05 02:58:09.073,113,healthy,0.56,0.91,0.83,6,0
1.0.0,2026-08-05 02:58:10.279,114,unripe,0.96,0.98,0.97,12,1
1.0.0,2026-08-05 02:58:11.528,115,twin,0.96,0.98,0.97,6,1
1.0.0,2026-08-05 02:58:11.528,115,healthy,0.92,0.95,0.94,6,0
1.0.0,2026-08-05 02:58:12.813,116,healthy,0.93,0.98,0.96,12,1
1.0.0,2026-08-05 02:58:13.823,117,twin,0.72,0.97,0.92,12,1
1.0.0,2026-08-05 02:58:15.028,118,unripe,0.96,0.98,0.97,12,1
1.0.0,2026-08-05 02:58:16.174,119,healthy,0.93,0.97,0.96,12,1
1.0.0,2026-08-05 02:58:17.464,120,healthy,0.77,0.97,0.89,6,0
1.0.0,2026-08-05 02:58:17.464,120,stemcrack,0.93,0.95,0.94,4,1
1.0.0,2026-08-05 02:58:18.717,121,healthy,0.91,0.98,0.96,12,1
1.0.0,2026-08-05 02:58:19.729,122,twin,0.96,0.97,0.97,12,1
1.0.0,2026-08-05 02:58:20.877,123,healthy,0.9,0.98,0.96,11,1
1.0.0,2026-08-05 02:58:21.924,124,twin,0.85,0.98,0.95,7,1
1.0.0,2026-08-05 02:58:21.924,124,healthy,0.77,0.93,0.87,5,0
1.0.0,2026-08-05 02:58:23.074,125,unripe,0.96,0.97,0.97,12,1
1.0.0,2026-08-05 02:58:24.325,126,twin,0.96,0.98,0.97,6,1
1.0.0,2026-08-05 02:58:24.325,126,healthy,0.93,0.95,0.94,6,0
1.0.0,2026-08-05 02:58:25.628,127,healthy,0.94,0.98,0.96,12,1
1.0.0,2026-08-05 02:58:26.674,128,twin,0.83,0.97,0.94,12,1
1.0.0,2026-08-05 02:58:27.824,129,unripe,0.96,0.98,0.97,12,1
1.0.0,2026-08-05 02:58:28.964,130,healthy,0.88,0.97,0.95,12,1
1.0.0,2026-08-05 02:58:30.279,131,healthy,0.77,0.97,0.92,6,0
1.0.0,2026-08-05 02:58:30.279,131,stemcrack,0.93,0.95,0.94,4,1
1.0.0,2026-08-05 02:58:31.567,132,healthy,0.91,0.97,0.95,12,1
1.0.0,2026-08-05 02:58:32.537,133,twin,0.94,0.98,0.97,12,1
1.0.0,2026-08-05 02:58:33.673,134,healthy,0.58,0.98,0.91,12,1
1.0.0,2026-08-05 02:58:34.713,135,twin,0.91,0.98,0.96,8,1
1.0.0,2026-08-05 02:58:34.713,135,healthy,0.76,0.93,0.85,4,0
1.0.0,2026-08-05 02:58:35.874,136,unripe,0.97,0.98,0.97,12,1
1.0.0,2026-08-05 02:58:37.124,137,twin,0.97,0.98,0.97,6,1
1.0.0,2026-08-05 02:58:37.124,137,healthy,0.92,0.94,0.93,6,0
1.0.0,2026-08-05 02:58:38.423,138,healthy,0.93,0.98,0.96,12,1
1.0.0,2026-08-05 02:58:39.464,139,twin,0.84,0.97,0.94,12,1
1.0.0,2026-08-05 02:58:40.674,140,unripe,0.96,0.98,0.97,12,1
1.0.0,2026-08-05 02:58:41.823,141,healthy,0.88,0.97,0.96,12,1
1.0.0,2026-08-05 02:58:43.074,142,healthy,0.8,0.96,0.92,6,0
1.0.0,2026-08-05 02:58:43.074,142,stemcrack,0.93,0.95,0.94,4,1
1.0.0,2026-08-05 02:58:44.377,143,healthy,0.73,0.97,0.93,12,1
1.0.0,2026-08-05 02:58:45.364,144,twin,0.94,0.98,0.97,12,1
1.0.0,2026-08-05 02:58:46.528,145,healthy,0.62,0.98,0.94,11,1
1.0.0,2026-08-05 02:58:47.527,146,healthy,0.57,0.92,0.79,6,0
1.0.0,2026-08-05 02:58:47.527,146,twin,0.97,0.98,0.97,6,1
1.0.0,2026-08-05 02:58:48.736,147,unripe,0.96,0.98,0.97,12,1
1.0.0,2026-08-05 02:58:49.935,148,twin,0.96,0.98,0.97,6,1
1.0.0,2026-08-05 02:58:49.935,148,healthy,0.93,0.95,0.94,6,0
1.0.0,2026-08-05 02:58:51.264,149,healthy,0.94,0.98,0.96,12,1
1.0.0,2026-08-05 02:58:52.277,150,twin,0.76,0.97,0.92,12,1
1.0.0,2026-08-05 02:58:53.478,151,unripe,0.96,0.98,0.97,12,1
1.0.0,2026-08-05 02:58:54.624,152,healthy,0.92,0.97,0.96,12,1
1.0.0,2026-08-05 02:58:55.875,153,healthy,0.83,0.96,0.91,6,0
1.0.0,2026-08-05 02:58:55.875,153,stemcrack,0.92,0.95,0.94,4,1
1.0.0,2026-08-05 02:58:57.220,154,healthy,0.91,0.98,0.95,12,1
1.0.0,2026-08-05 02:58:58.163,155,twin,0.96,0.98,0.97,12,1
1.0.0,2026-08-05 02:58:59.326,156,healthy,0.66,0.98,0.91,12,1
1.0.0,2026-08-05 02:59:00.324,157,twin,0.84,0.98,0.95,7,1
1.0.0,2026-08-05 02:59:00.324,157,healthy,0.81,0.91,0.87,5,0
1.0.0,2026-08-05 02:59:01.514,158,unripe,0.96,0.97,0.97,12,1
1.0.0,2026-08-05 02:59:02.803,159,twin,0.96,0.98,0.97,6,1
1.0.0,2026-08-05 02:59:02.803,159,healthy,0.93,0.96,0.94,6,0
1.0.0,2026-08-05 02:59:04.064,160,healthy,0.92,0.97,0.96,12,1
1.0.0,2026-08-05 02:59:05.074,161,twin,0.88,0.97,0.94,12,1
1.0.0,2026-08-05 02:59:06.278,162,unripe,0.96,0.98,0.97,12,1
1.0.0,2026-08-05 02:59:07.425,163,healthy,0.89,0.97,0.96,12,1
1.0.0,2026-08-05 02:59:08.674,164,healthy,0.73,0.97,0.89,6,0
1.0.0,2026-08-05 02:59:08.674,164,stemcrack,0.92,0.95,0.94,4,1
1.0.0,2026-08-05 02:59:09.980,165,healthy,0.93,0.98,0.97,12,1
1.0.0,2026-08-05 02:59:10.964,166,twin,0.93,0.98,0.97,12,1
1.0.0,2026-08-05 02:59:12.123,167,healthy,0.52,0.98,0.89,12,1
1.0.0,2026-08-05 02:59:13.174,168,twin,0.86,0.98,0.94,8,1
1.0.0,2026-08-05 02:59:13.174,168,healthy,0.89,0.94,0.91,4,0
1.0.0,2026-08-05 02:59:14.324,169,unripe,0.96,0.98,0.97,12,1
1.0.0,2026-08-05 02:59:15.574,170,twin,0.96,0.97,0.97,6,1
1.0.0,2026-08-05 02:59:15.574,170,healthy,0.93,0.95,0.94,6,0
1.0.0,2026-08-05 02:59:16.877,171,healthy,0.93,0.98,0.96,12,1
1.0.0,2026-08-05 02:59:17.924,172,twin,0.91,0.97,0.95,12,1
1.0.0,2026-08-05 02:59:19.073,173,unripe,0.96,0.98,0.97,12,1
1.0.0,2026-08-05 02:59:20.264,174,healthy,0.87,0.98,0.95,12,1
1.0.0,2026-08-05 02:59:21.562,175,healthy,0.78,0.97,0.91,6,0
1.0.0,2026-08-05 02:59:21.562,175,stemcrack,0.93,0.95,0.94,4,1
1.0.0,2026-08-05 02:59:22.817,176,healthy,0.93,0.98,0.97,12,1
1.0.0,2026-08-05 02:59:23.778,177,twin,0.96,0.98,0.97,12,1
1.0.0,2026-08-05 02:59:24.924,178,healthy,0.84,0.98,0.95,11,1
1.0.0,2026-08-05 02:59:25.964,179,twin,0.89,0.98,0.95,7,1
1.0.0,2026-08-05 02:59:25.964,179,healthy,0.86,0.89,0.88,5,0
1.0.0,2026-08-05 02:59:27.124,180,unripe,0.96,0.98,0.97,12,1
1.0.0,2026-08-05 02:59:28.424,181,twin,0.97,0.98,0.97,6,1
1.0.0,2026-08-05 02:59:28.424,181,healthy,0.92,0.95,0.94,6,0
1.0.0,2026-08-05 02:59:29.674,182,healthy,0.94,0.98,0.96,12,1
1.0.0,2026-08-05 02:59:30.732,183,twin,0.85,0.97,0.94,12,1
1.0.0,2026-08-05 02:59:31.925,184,unripe,0.96,0.98,0.97,12,1
1.0.0,2026-08-05 02:59:33.076,185,healthy,0.93,0.97,0.96,12,1
1.0.0,2026-08-05 02:59:34.328,186,healthy,0.84,0.97,0.92,6,0
1.0.0,2026-08-05 02:59:34.328,186,stemcrack,0.92,0.95,0.94,4,1
1.0.0,2026-08-05 02:59:35.725,187,healthy,0.91,0.97,0.96,12,1
1.0.0,2026-08-05 02:59:36.618,188,twin,0.9,0.98,0.97,12,1
1.0.0,2026-08-05 02:59:37.822,189,healthy,0.83,0.98,0.96,11,1
1.0.0,2026-08-05 02:59:38.814,190,twin,0.76,0.98,0.94,7,1
1.0.0,2026-08-05 02:59:38.814,190,healthy,0.69,0.93,0.87,5,0
1.0.0,2026-08-05 02:59:39.985,191,unripe,0.96,0.98,0.97,12,1
1.0.0,2026-08-05 02:59:41.227,192,twin,0.96,0.98,0.97,6,1
1.0.0,2026-08-05 02:59:41.227,192,healthy,0.93,0.94,0.94,6,0
1.0.0,2026-08-05 02:59:42.513,193,healthy,0.94,0.98,0.96,12,1
1.0.0,2026-08-05 02:59:43.509,194,twin,0.67,0.97,0.92,12,1
1.0.0,2026-08-05 02:59:44.721,195,unripe,0.96,0.98,0.97,12,1
1.0.0,2026-08-05 02:59:45.872,196,healthy,0.93,0.97,0.96,12,1
1.0.0,2026-08-05 02:59:47.134,197,healthy,0.84,0.97,0.92,6,0
1.0.0,2026-08-05 02:59:47.134,197,stemcrack,0.92,0.95,0.94,4,1
1.0.0,2026-08-05 02:59:48.428,198,healthy,0.92,0.98,0.96,12,1
1.0.0,2026-08-05 02:59:49.384,199,twin,0.97,0.98,0.97,12,1
1.0.0,2026-08-05 02:59:50.575,200,healthy,0.65,0.98,0.93,12,1
1.0.0,2026-08-05 02:59:51.624,201,twin,0.96,0.98,0.97,6,1
1.0.0,2026-08-05 02:59:51.624,201,healthy,0.81,0.93,0.86,6,0
1.0.0,2026-08-05 02:59:52.778,202,unripe,0.97,0.98,0.97,12,1
1.0.0,2026-08-05 02:59:54.025,203,twin,0.96,0.98,0.97,6,1
1.0.0,2026-08-05 02:59:54.025,203,healthy,0.93,0.95,0.94,6,0
1.0.0,2026-08-05 02:59:55.275,204,healthy,0.93,0.98,0.96,12,1
1.0.0,2026-08-05 02:59:56.334,205,twin,0.89,0.97,0.95,12,1
1.0.0,2026-08-05 02:59:57.529,206,unripe,0.96,0.98,0.97,12,1
1.0.0,2026-08-05 02:59:58.671,207,healthy,0.89,0.97,0.96,12,1
1.0.0,2026-08-05 02:59:59.964,208,healthy,0.81,0.97,0.92,6,0
1.0.0,2026-08-05 02:59:59.964,208,stemcrack,0.92,0.96,0.94,4,1
1.0.0,2026-08-05 03:00:01.267,209,healthy,0.94,0.97,0.96,11,1
1.0.0,2026-08-05 03:00:02.217,210,twin,0.94,0.98,0.97,12,1
1.0.0,2026-08-05 03:00:03.371,211,healthy,0.93,0.98,0.96,10,1
1.0.0,2026-08-05 03:00:04.425,212,healthy,0.81,0.94,0.89,5,0
1.0.0,2026-08-05 03:00:04.425,212,twin,0.92,0.98,0.96,7,1
1.0.0,2026-08-05 03:00:05.571,213,unripe,0.96,0.98,0.97,12,1
1.0.0,2026-08-05 03:00:06.863,214,twin,0.96,0.97,0.97,6,1
1.0.0,2026-08-05 03:00:06.863,214,healthy,0.92,0.94,0.93,6,0
1.0.0,2026-08-05 03:00:08.125,215,healthy,0.94,0.98,0.96,12,1
1.0.0,2026-08-05 03:00:09.171,216,twin,0.89,0.97,0.95,12,1
1.0.0,2026-08-05 03:00:10.371,217,unripe,0.96,0.98,0.97,12,1
1.0.0,2026-08-05 03:00:11.536,218,healthy,0.93,0.97,0.96,12,1
1.0.0,2026-08-05 03:00:12.775,219,healthy,0.78,0.96,0.92,6,0
1.0.0,2026-08-05 03:00:12.775,219,stemcrack,0.93,0.95,0.94,4,1
1.0.0,2026-08-05 03:00:14.068,220,healthy,0.89,0.98,0.96,10,1
1.0.0,2026-08-05 03:00:15.029,221,twin,0.96,0.98,0.97,12,1
1.0.0,2026-08-05 03:00:16.175,222,healthy,0.87,0.97,0.96,11,1
1.0.0,2026-08-05 03:00:17.225,223,twin,0.84,0.98,0.94,8,1
1.0.0,2026-08-05 03:00:17.225,223,healthy,0.8,0.93,0.87,4,0
1.0.0,2026-08-05 03:00:18.375,224,unripe,0.96,0.98,0.97,12,1
1.0.0,2026-08-05 03:00:19.674,225,twin,0.96,0.98,0.97,6,1
1.0.0,2026-08-05 03:00:19.674,225,healthy,0.93,0.96,0.94,6,0
1.0.0,2026-08-05 03:00:20.946,226,healthy,0.95,0.98,0.96,12,1
1.0.0,2026-08-05 03:00:21.979,227,twin,0.77,0.97,0.93,12,1
1.0.0,2026-08-05 03:00:23.175,228,unripe,0.97,0.98,0.97,12,1
1.0.0,2026-08-05 03:00:24.324,229,healthy,0.92,0.97,0.96,12,1
1.0.0,2026-08-05 03:00:25.613,230,healthy,0.83,0.97,0.92,6,0
1.0.0,2026-08-05 03:00:25.613,230,stemcrack,0.93,0.95,0.94,4,1
1.0.0,2026-08-05 03:00:26.875,231,healthy,0.9,0.98,0.96,11,1
1.0.0,2026-08-05 03:00:27.862,232,twin,0.95,0.98,0.97,12,1
1.0.0,2026-08-05 03:00:29.028,233,healthy,0.74,0.98,0.94,12,1
1.0.0,2026-08-05 03:00:30.028,234,twin,0.96,0.98,0.97,6,1
1.0.0,2026-08-05 03:00:30.028,234,healthy,0.87,0.94,0.89,6,0
1.0.0,2026-08-05 03:00:31.212,235,unripe,0.96,0.98,0.97,12,1
1.0.0,2026-08-05 03:00:32.462,236,twin,0.97,0.98,0.98,6,1
1.0.0,2026-08-05 03:00:32.462,236,healthy,0.93,0.96,0.94,6,0
1.0.0,2026-08-05 03:00:33.762,237,healthy,0.91,0.98,0.96,12,1
1.0.0,2026-08-05 03:00:34.779,238,twin,0.88,0.97,0.95,12,1
1.0.0,2026-08-05 03:00:35.983,239,unripe,0.97,0.98,0.97,12,1
1.0.0,2026-08-05 03:00:37.124,240,healthy,0.93,0.97,0.96,12,1
1.0.0,2026-08-05 03:00:38.374,241,healthy,0.79,0.97,0.91,6,0
1.0.0,2026-08-05 03:00:38.374,241,stemcrack,0.92,0.96,0.94,4,1
1.0.0,2026-08-05 03:00:39.711,242,healthy,0.59,0.98,0.9,12,1
1.0.0,2026-08-05 03:00:40.678,243,twin,0.95,0.98,0.97,12,1
1.0.0,2026-08-05 03:00:41.824,244,healthy,0.57,0.98,0.91,12,1
1.0.0,2026-08-05 03:00:42.874,245,twin,0.61,0.98,0.9,8,1
1.0.0,2026-08-05 03:00:42.874,245,healthy,0.84,0.95,0.9,4,0
1.0.0,2026-08-05 03:00:44.028,246,unripe,0.96,0.97,0.97,12,1
1.0.0,2026-08-05 03:00:45.279,247,twin,0.96,0.98,0.97,6,1
1.0.0,2026-08-05 03:00:45.279,247,healthy,0.93,0.95,0.94,6,0
1.0.0,2026-08-05 03:00:46.578,248,healthy,0.9,0.98,0.96,12,1
1.0.0,2026-08-05 03:00:47.624,249,twin,0.92,0.97,0.95,12,1
1.0.0,2026-08-05 03:00:48.820,250,unripe,0.96,0.98,0.97,12,1
1.0.0,2026-08-05 03:00:49.924,251,healthy,0.84,0.97,0.95,12,1
1.0.0,2026-08-05 03:00:51.212,252,healthy,0.77,0.96,0.91,6,0
1.0.0,2026-08-05 03:00:51.212,252,stemcrack,0.92,0.95,0.94,4,1
1.0.0,2026-08-05 03:00:52.516,253,healthy,0.93,0.98,0.96,12,1
1.0.0,2026-08-05 03:00:53.486,254,twin,0.93,0.98,0.96,12,1
1.0.0,2026-08-05 03:00:54.624,255,healthy,0.9,0.98,0.96,11,1
1.0.0,2026-08-05 03:00:55.673,256,healthy,0.87,0.95,0.9,6,0
1.0.0,2026-08-05 03:00:55.673,256,twin,0.96,0.98,0.97,6,1
1.0.0,2026-08-05 03:00:56.828,257,unripe,0.96,0.98,0.97,12,1
1.0.0,2026-08-05 03:00:58.078,258,twin,0.96,0.98,0.97,6,1
1.0.0,2026-08-05 03:00:58.078,258,healthy,0.92,0.95,0.94,6,0
1.0.0,2026-08-05 03:00:59.374,259,healthy,0.95,0.98,0.96,12,1
1.0.0,2026-08-05 03:01:00.419,260,twin,0.76,0.97,0.94,12,1
1.0.0,2026-08-05 03:01:01.624,261,unripe,0.96,0.98,0.97,12,1
1.0.0,2026-08-05 03:01:02.778,262,healthy,0.92,0.97,0.96,12,1
1.0.0,2026-08-05 03:01:04.027,263,healthy,0.85,0.97,0.92,6,0
1.0.0,2026-08-05 03:01:04.027,263,stemcrack,0.93,0.95,0.94,4,1
1.0.0,2026-08-05 03:01:05.367,264,healthy,0.84,0.98,0.94,12,1
1.0.0,2026-08-05 03:01:06.315,265,twin,0.96,0.98,0.97,12,1
1.0.0,2026-08-05 03:01:07.469,266,healthy,0.94,0.97,0.97,10,1
1.0.0,2026-08-05 03:01:08.478,267,healthy,0.54,0.92,0.82,6,0
1.0.0,2026-08-05 03:01:08.478,267,twin,0.96,0.97,0.97,6,1
1.0.0,2026-08-05 03:01:09.673,268,unripe,0.96,0.97,0.97,12,1
1.0.0,2026-08-05 03:01:10.924,269,twin,0.97,0.98,0.97,6,1
1.0.0,2026-08-05 03:01:10.924,269,healthy,0.93,0.95,0.94,6,0
1.0.0,2026-08-05 03:01:12.173,270,healthy,0.93,0.98,0.96,12,1
1.0.0,2026-08-05 03:01:13.211,271,twin,0.61,0.97,0.93,12,1
1.0.0,2026-08-05 03:01:14.419,272,unripe,0.97,0.98,0.97,12,1
1.0.0,2026-08-05 03:01:15.577,273,healthy,0.9,0.97,0.96,12,1
1.0.0,2026-08-05 03:01:16.827,274,healthy,0.79,0.96,0.9,6,0
1.0.0,2026-08-05 03:01:16.827,274,stemcrack,0.93,0.96,0.94,4,1
1.0.0,2026-08-05 03:01:18.169,275,healthy,0.9,0.98,0.96,12,1
1.0.0,2026-08-05 03:01:19.115,276,twin,0.94,0.98,0.97,12,1
1.0.0,2026-08-05 03:01:20.279,277,healthy,0.92,0.98,0.96,11,1
1.0.0,2026-08-05 03:01:21.277,278,twin,0.96,0.98,0.97,6,1
1.0.0,2026-08-05 03:01:21.277,278,healthy,0.71,0.91,0.85,6,0
1.0.0,2026-08-05 03:01:22.477,279,unripe,0.96,0.98,0.97,12,1
1.0.0,2026-08-05 03:01:23.764,280,twin,0.96,0.98,0.97,6,1
1.0.0,2026-08-05 03:01:23.764,280,healthy,0.92,0.95,0.94,6,0
1.0.0,2026-08-05 03:01:25.010,281,healthy,0.93,0.98,0.96,12,1
1.0.0,2026-08-05 03:01:26.027,282,twin,0.9,0.97,0.95,12,1
1.0.0,2026-08-05 03:01:27.227,283,unripe,0.96,0.98,0.97,12,1
1.0.0,2026-08-05 03:01:28.373,284,healthy,0.87,0.97,0.95,12,1
1.0.0,2026-08-05 03:01:29.665,285,healthy,0.78,0.96,0.9,6,0
1.0.0,2026-08-05 03:01:29.665,285,stemcrack,0.93,0.95,0.94,4,1
1.0.0,2026-08-05 03:01:30.914,286,healthy,0.91,0.98,0.96,11,1
1.0.0,2026-08-05 03:01:31.923,287,twin,0.96,0.98,0.97,12,1
1.0.0,2026-08-05 03:01:33.077,288,healthy,0.74,0.98,0.92,12,1
1.0.0,2026-08-05 03:01:34.164,289,healthy,0.77,0.91,0.86,6,0
1.0.0,2026-08-05 03:01:34.164,289,twin,0.96,0.98,0.97,6,1
1.0.0,2026-08-05 03:01:35.277,290,unripe,0.96,0.98,0.97,12,1
1.0.0,2026-08-05 03:01:36.537,291,twin,0.96,0.97,0.97,6,1
1.0.0,2026-08-05 03:01:36.537,291,healthy,0.93,0.96,0.94,6,0
1.0.0,2026-08-05 03:01:37.827,292,healthy,0.94,0.98,0.97,12,1
1.0.0,2026-08-05 03:01:38.873,293,twin,0.66,0.97,0.93,12,1
1.0.0,2026-08-05 03:01:40.081,294,unripe,0.96,0.98,0.97,12,1
1.0.0,2026-08-05 03:01:41.264,295,healthy,0.91,0.97,0.96,12,1
1.0.0,2026-08-05 03:01:42.514,296,stemcrack,0.93,0.95,0.94,4,1
1.0.0,2026-08-05 03:01:42.514,296,healthy,0.87,0.97,0.93,6,0
1.0.0,2026-08-05 03:01:43.718,297,healthy,0.89,0.98,0.96,11,1
1.0.0,2026-08-05 03:01:44.722,298,twin,0.95,0.98,0.97,12,1
1.0.0,2026-08-05 03:01:45.872,299,healthy,0.88,0.97,0.95,12,1
1.0.0,2026-08-05 03:01:46.918,300,twin,0.68,0.98,0.93,7,1
1.0.0,2026-08-05 03:01:46.918,300,healthy,0.73,0.93,0.86,5,0
1.0.0,2026-08-05 03:01:48.122,301,unripe,0.96,0.98,0.97,12,1
1.0.0,2026-08-05 03:01:49.322,302,twin,0.96,0.97,0.97,6,1
1.0.0,2026-08-05 03:01:49.322,302,healthy,0.93,0.96,0.94,6,0
1.0.0,2026-08-05 03:01:50.626,303,healthy,0.92,0.98,0.96,12,1
1.0.0,2026-08-05 03:01:51.676,304,twin,0.76,0.97,0.93,12,1
1.0.0,2026-08-05 03:01:52.884,305,unripe,0.97,0.98,0.97,12,1
1.0.0,2026-08-05 03:01:54.026,306,healthy,0.93,0.97,0.96,12,1
1.0.0,2026-08-05 03:01:55.280,307,healthy,0.86,0.96,0.92,6,0
1.0.0,2026-08-05 03:01:55.280,307,stemcrack,0.93,0.95,0.94,4,1
1.0.0,2026-08-05 03:01:56.666,308,healthy,0.73,0.98,0.93,11,1
1.0.0,2026-08-05 03:01:57.555,309,twin,0.96,0.98,0.97,12,1
1.0.0,2026-08-05 03:01:58.730,310,healthy,0.87,0.98,0.95,12,1
1.0.0,2026-08-05 03:01:59.722,311,twin,0.73,0.98,0.94,7,1
1.0.0,2026-08-05 03:01:59.722,311,healthy,0.79,0.93,0.88,5,0
1.0.0,2026-08-05 03:02:00.926,312,unripe,0.96,0.97,0.97,12,1
1.0.0,2026-08-05 03:02:02.214,313,twin,0.96,0.98,0.97,6,1
1.0.0,2026-08-05 03:02:02.214,313,healthy,0.93,0.95,0.94,6,0
1.0.0,2026-08-05 03:02:03.422,314,healthy,0.94,0.98,0.96,12,1
1.0.0,2026-08-05 03:02:04.472,315,twin,0.86,0.97,0.95,12,1
1.0.0,2026-08-05 03:02:05.672,316,unripe,0.97,0.98,0.97,12,1
1.0.0,2026-08-05 03:02:06.822,317,healthy,0.93,0.97,0.96,12,1
1.0.0,2026-08-05 03:02:08.072,318,healthy,0.82,0.96,0.91,6,0
1.0.0,2026-08-05 03:02:08.072,318,stemcrack,0.92,0.95,0.94,4,1
1.0.0,2026-08-05 03:02:09.522,319,healthy,0.89,0.98,0.95,12,1
1.0.0,2026-08-05 03:02:10.372,320,twin,0.95,0.98,0.97,12,1
1.0.0,2026-08-05 03:02:11.538,321,healthy,0.94,0.98,0.96,11,1
1.0.0,2026-08-05 03:02:12.529,322,twin,0.58,0.98,0.91,7,1
1.0.0,2026-08-05 03:02:12.529,322,healthy,0.76,0.92,0.84,5,0
1.0.0,2026-08-05 03:02:13.725,323,unripe,0.96,0.98,0.97,12,1
1.0.0,2026-08-05 03:02:14.972,324,twin,0.96,0.98,0.97,6,1
1.0.0,2026-08-05 03:02:14.972,324,healthy,0.91,0.94,0.93,6,0
1.0.0,2026-08-05 03:02:16.276,325,healthy,0.95,0.98,0.97,12,1
1.0.0,2026-08-05 03:02:17.313,326,twin,0.9,0.97,0.95,12,1
1.0.0,2026-08-05 03:02:18.530,327,unripe,0.96,0.98,0.97,12,1
1.0.0,2026-08-05 03:02:19.621,328,healthy,0.89,0.97,0.96,12,1
1.0.0,2026-08-05 03:02:20.925,329,healthy,0.81,0.96,0.9,6,0
1.0.0,2026-08-05 03:02:20.925,329,stemcrack,0.93,0.95,0.94,4,1
1.0.0,2026-08-05 03:02:22.358,330,healthy,0.9,0.98,0.94,11,1
1.0.0,2026-08-05 03:02:23.175,331,twin,0.96,0.98,0.97,12,1
1.0.0,2026-08-05 03:02:24.330,332,healthy,0.74,0.98,0.95,11,1
1.0.0,2026-08-05 03:02:25.371,333,twin,0.93,0.98,0.96,7,1
1.0.0,2026-08-05 03:02:25.371,333,healthy,0.89,0.92,0.91,5,0
1.0.0,2026-08-05 03:02:26.529,334,unripe,0.96,0.98,0.97,12,1
1.0.0,2026-08-05 03:02:27.779,335,twin,0.97,0.98,0.97,6,1
1.0.0,2026-08-05 03:02:27.779,335,healthy,0.92,0.96,0.94,6,0
1.0.0,2026-08-05 03:02:29.075,336,healthy,0.94,0.98,0.97,12,1
1.0.0,2026-08-05 03:02:30.125,337,twin,0.61,0.97,0.9,12,1
1.0.0,2026-08-05 03:02:31.325,338,unripe,0.97,0.98,0.97,12,1
1.0.0,2026-08-05 03:02:32.363,339,healthy,0.83,0.98,0.94,12,1
1.0.0,2026-08-05 03:02:33.725,340,healthy,0.85,0.96,0.93,6,0
1.0.0,2026-08-05 03:02:33.725,340,stemcrack,0.92,0.96,0.94,4,1
1.0.0,2026-08-05 03:02:35.153,341,healthy,0.93,0.98,0.96,12,1
1.0.0,2026-08-05 03:02:36.012,342,twin,0.92,0.98,0.97,12,1
1.0.0,2026-08-05 03:02:37.125,343,healthy,0.78,0.97,0.94,11,1
1.0.0,2026-08-05 03:02:38.171,344,healthy,0.73,0.93,0.86,6,0
1.0.0,2026-08-05 03:02:38.171,344,twin,0.96,0.98,0.97,6,1
1.0.0,2026-08-05 03:02:39.375,345,unripe,0.96,0.98,0.97,12,1
1.0.0,2026-08-05 03:02:40.663,346,twin,0.96,0.98,0.97,6,1
1.0.0,2026-08-05 03:02:40.663,346,healthy,0.94,0.96,0.94,6,0
1.0.0,2026-08-05 03:02:41.875,347,healthy,0.94,0.98,0.96,12,1
1.0.0,2026-08-05 03:02:42.925,348,twin,0.68,0.97,0.93,12,1
1.0.0,2026-08-05 03:02:44.125,349,unripe,0.96,0.98,0.97,12,1
1.0.0,2026-08-05 03:02:45.175,350,healthy,0.9,0.98,0.96,12,1
1.0.0,2026-08-05 03:02:49.859,351,healthy,0.85,0.85,0.85,2,0
1.0.0,2026-08-05 03:02:49.859,351,stemcrack,0.95,0.95,0.95,1,1
# === SESSION END   2026-08-05 03:02:49 ===
# === SESSION START 2026-08-05 03:06:20 ===
1.0.0,2026-08-05 03:06:49.668,1,stemcrack,0.92,0.96,0.94,6,1
1.0.0,2026-08-05 03:06:51.042,2,healthy,0.94,0.98,0.96,5,1
1.0.0,2026-08-05 03:06:51.905,3,twin,0.93,0.98,0.97,12,1
1.0.0,2026-08-05 03:06:53.055,4,healthy,0.88,0.98,0.96,12,1
1.0.0,2026-08-05 03:06:54.105,5,healthy,0.81,0.93,0.87,5,0
1.0.0,2026-08-05 03:06:54.105,5,twin,0.89,0.98,0.96,7,1
1.0.0,2026-08-05 03:06:55.264,6,unripe,0.96,0.98,0.97,12,1
1.0.0,2026-08-05 03:06:56.547,7,twin,0.96,0.98,0.97,6,1
1.0.0,2026-08-05 03:06:56.547,7,healthy,0.93,0.95,0.94,6,0
1.0.0,2026-08-05 03:06:57.797,8,healthy,0.89,0.98,0.96,12,1
1.0.0,2026-08-05 03:06:58.858,9,twin,0.93,0.97,0.96,12,1
1.0.0,2026-08-05 03:07:00.055,10,unripe,0.96,0.98,0.97,12,1
1.0.0,2026-08-05 03:07:01.218,11,healthy,0.95,0.97,0.97,12,1
1.0.0,2026-08-05 03:07:02.468,12,healthy,0.77,0.96,0.91,6,0
1.0.0,2026-08-05 03:07:02.468,12,stemcrack,0.93,0.95,0.94,4,1
1.0.0,2026-08-05 03:07:03.864,13,healthy,0.91,0.98,0.96,11,1
1.0.0,2026-08-05 03:07:04.755,14,twin,0.95,0.98,0.97,12,1
1.0.0,2026-08-05 03:07:05.855,15,healthy,0.56,0.98,0.9,12,1
1.0.0,2026-08-05 03:07:06.909,16,twin,0.65,0.98,0.92,7,1
1.0.0,2026-08-05 03:07:06.909,16,healthy,0.85,0.93,0.89,5,0
1.0.0,2026-08-05 03:07:08.105,17,unripe,0.96,0.98,0.97,12,1
1.0.0,2026-08-05 03:07:09.355,18,twin,0.96,0.98,0.97,6,1
1.0.0,2026-08-05 03:07:09.355,18,healthy,0.93,0.95,0.94,6,0
1.0.0,2026-08-05 03:07:10.605,19,healthy,0.91,0.98,0.96,12,1
1.0.0,2026-08-05 03:07:11.655,20,twin,0.71,0.97,0.94,12,1
1.0.0,2026-08-05 03:07:12.855,21,unripe,0.96,0.98,0.97,12,1
1.0.0,2026-08-05 03:07:14.000,22,healthy,0.93,0.98,0.97,12,1
1.0.0,2026-08-05 03:07:15.263,23,healthy,0.8,0.97,0.9,6,0
1.0.0,2026-08-05 03:07:15.263,23,stemcrack,0.92,0.96,0.94,4,1
1.0.0,2026-08-05 03:07:16.703,24,healthy,0.85,0.98,0.95,12,1
1.0.0,2026-08-05 03:07:17.549,25,twin,0.95,0.98,0.97,12,1
1.0.0,2026-08-05 03:07:18.659,26,healthy,0.67,0.98,0.93,12,1
1.0.0,2026-08-05 03:07:19.713,27,twin,0.84,0.97,0.95,7,1
1.0.0,2026-08-05 03:07:19.713,27,healthy,0.86,0.94,0.91,5,0
1.0.0,2026-08-05 03:07:20.916,28,unripe,0.96,0.98,0.97,12,1
1.0.0,2026-08-05 03:07:22.154,29,twin,0.96,0.98,0.97,6,1
1.0.0,2026-08-05 03:07:22.154,29,healthy,0.93,0.96,0.94,6,0
1.0.0,2026-08-05 03:07:23.405,30,healthy,0.9,0.98,0.96,12,1
1.0.0,2026-08-05 03:07:24.446,31,twin,0.93,0.97,0.96,12,1
1.0.0,2026-08-05 03:07:25.655,32,unripe,0.97,0.98,0.97,12,1
1.0.0,2026-08-05 03:07:26.804,33,healthy,0.92,0.97,0.96,12,1
1.0.0,2026-08-05 03:07:28.097,34,healthy,0.78,0.97,0.89,6,0
1.0.0,2026-08-05 03:07:28.097,34,stemcrack,0.93,0.95,0.94,4,1
1.0.0,2026-08-05 03:07:29.516,35,healthy,0.91,0.98,0.96,10,1
1.0.0,2026-08-05 03:07:30.359,36,twin,0.96,0.98,0.97,12,1
1.0.0,2026-08-05 03:07:31.513,37,healthy,0.73,0.98,0.93,12,1
1.0.0,2026-08-05 03:07:32.559,38,twin,0.81,0.98,0.94,7,1
1.0.0,2026-08-05 03:07:32.559,38,healthy,0.64,0.91,0.84,5,0
1.0.0,2026-08-05 03:07:33.713,39,unripe,0.96,0.98,0.97,12,1
1.0.0,2026-08-05 03:07:34.963,40,twin,0.97,0.98,0.97,6,1
1.0.0,2026-08-05 03:07:34.963,40,healthy,0.93,0.95,0.93,6,0
1.0.0,2026-08-05 03:07:36.246,41,healthy,0.89,0.98,0.96,12,1
1.0.0,2026-08-05 03:07:37.309,42,twin,0.94,0.97,0.96,12,1
1.0.0,2026-08-05 03:07:38.462,43,unripe,0.97,0.98,0.97,12,1
1.0.0,2026-08-05 03:07:39.608,44,healthy,0.93,0.97,0.96,12,1
1.0.0,2026-08-05 03:07:40.909,45,healthy,0.77,0.96,0.91,6,0
1.0.0,2026-08-05 03:07:40.909,45,stemcrack,0.93,0.95,0.94,4,1
1.0.0,2026-08-05 03:07:42.310,46,healthy,0.8,0.98,0.92,11,1
1.0.0,2026-08-05 03:07:43.171,47,twin,0.96,0.98,0.97,12,1
1.0.0,2026-08-05 03:07:44.312,48,healthy,0.89,0.98,0.96,10,1
1.0.0,2026-08-05 03:07:45.358,49,twin,0.89,0.98,0.95,8,1
1.0.0,2026-08-05 03:07:45.358,49,healthy,0.74,0.92,0.85,4,0
1.0.0,2026-08-05 03:07:46.508,50,unripe,0.96,0.98,0.97,12,1
1.0.0,2026-08-05 03:07:47.758,51,twin,0.97,0.97,0.97,6,1
1.0.0,2026-08-05 03:07:47.758,51,healthy,0.93,0.95,0.94,6,0
1.0.0,2026-08-05 03:07:49.058,52,healthy,0.93,0.98,0.97,12,1
1.0.0,2026-08-05 03:07:50.108,53,twin,0.89,0.97,0.95,12,1
1.0.0,2026-08-05 03:07:51.308,54,unripe,0.96,0.98,0.97,12,1
1.0.0,2026-08-05 03:07:52.462,55,healthy,0.95,0.97,0.97,12,1
1.0.0,2026-08-05 03:07:53.717,56,healthy,0.8,0.96,0.91,6,0
1.0.0,2026-08-05 03:07:53.717,56,stemcrack,0.93,0.95,0.94,4,1
1.0.0,2026-08-05 03:07:55.158,57,healthy,0.91,0.98,0.95,12,1
1.0.0,2026-08-05 03:07:55.995,58,twin,0.95,0.98,0.97,12,1
1.0.0,2026-08-05 03:07:57.108,59,healthy,0.8,0.98,0.95,11,1
1.0.0,2026-08-05 03:07:58.158,60,twin,0.84,0.98,0.95,7,1
1.0.0,2026-08-05 03:07:58.158,60,healthy,0.88,0.93,0.9,5,0
1.0.0,2026-08-05 03:07:59.358,61,unripe,0.96,0.98,0.97,12,1
1.0.0,2026-08-05 03:08:00.608,62,twin,0.96,0.98,0.97,6,1
1.0.0,2026-08-05 03:08:00.608,62,healthy,0.93,0.96,0.94,6,0
1.0.0,2026-08-05 03:08:01.857,63,healthy,0.93,0.98,0.96,12,1
1.0.0,2026-08-05 03:08:02.908,64,twin,0.91,0.97,0.96,12,1
1.0.0,2026-08-05 03:08:04.108,65,unripe,0.97,0.98,0.97,12,1
1.0.0,2026-08-05 03:08:05.258,66,healthy,0.93,0.98,0.97,12,1
1.0.0,2026-08-05 03:08:06.508,67,healthy,0.81,0.97,0.91,6,0
1.0.0,2026-08-05 03:08:06.508,67,stemcrack,0.93,0.95,0.94,4,1
1.0.0,2026-08-05 03:08:07.956,68,healthy,0.92,0.98,0.96,12,1
1.0.0,2026-08-05 03:08:08.820,69,twin,0.92,0.98,0.97,12,1
1.0.0,2026-08-05 03:08:09.961,70,healthy,0.5,0.98,0.92,12,1
1.0.0,2026-08-05 03:08:10.962,71,twin,0.86,0.97,0.95,7,1
1.0.0,2026-08-05 03:08:10.962,71,healthy,0.75,0.89,0.83,5,0
1.0.0,2026-08-05 03:08:12.158,72,unripe,0.96,0.98,0.97,12,1
1.0.0,2026-08-05 03:08:13.403,73,healthy,0.9,0.95,0.93,6,0
1.0.0,2026-08-05 03:08:13.403,73,twin,0.96,0.98,0.97,6,1
1.0.0,2026-08-05 03:08:14.699,74,healthy,0.93,0.98,0.96,12,1
1.0.0,2026-08-05 03:08:15.716,75,twin,0.94,0.97,0.96,12,1
1.0.0,2026-08-05 03:08:16.920,76,unripe,0.96,0.98,0.97,12,1
1.0.0,2026-08-05 03:08:18.058,77,healthy,0.93,0.97,0.96,12,1
1.0.0,2026-08-05 03:08:19.307,78,healthy,0.7,0.97,0.88,6,0
1.0.0,2026-08-05 03:08:19.307,78,stemcrack,0.92,0.95,0.94,4,1
1.0.0,2026-08-05 03:08:20.760,79,healthy,0.91,0.98,0.96,12,1
1.0.0,2026-08-05 03:08:21.607,80,twin,0.91,0.98,0.97,12,1
1.0.0,2026-08-05 03:08:22.761,81,healthy,0.81,0.98,0.94,12,1
1.0.0,2026-08-05 03:08:23.807,82,healthy,0.78,0.94,0.88,5,0
1.0.0,2026-08-05 03:08:23.807,82,twin,0.9,0.98,0.96,7,1
1.0.0,2026-08-05 03:08:24.961,83,unripe,0.96,0.98,0.97,12,1
1.0.0,2026-08-05 03:08:26.241,84,twin,0.96,0.97,0.97,6,1
1.0.0,2026-08-05 03:08:26.241,84,healthy,0.93,0.95,0.94,6,0
1.0.0,2026-08-05 03:08:27.511,85,healthy,0.93,0.98,0.96,12,1
1.0.0,2026-08-05 03:08:28.557,86,twin,0.93,0.97,0.96,12,1
1.0.0,2026-08-05 03:08:29.761,87,unripe,0.97,0.98,0.97,12,1
1.0.0,2026-08-05 03:08:30.898,88,healthy,0.9,0.97,0.96,12,1
1.0.0,2026-08-05 03:08:32.157,89,healthy,0.83,0.97,0.92,6,0
1.0.0,2026-08-05 03:08:32.157,89,stemcrack,0.93,0.95,0.94,4,1
1.0.0,2026-08-05 03:08:33.590,90,healthy,0.94,0.98,0.96,9,1
1.0.0,2026-08-05 03:08:34.407,91,twin,0.96,0.98,0.97,12,1
1.0.0,2026-08-05 03:08:35.565,92,healthy,0.72,0.98,0.94,12,1
1.0.0,2026-08-05 03:08:36.607,93,healthy,0.74,0.94,0.86,6,0
1.0.0,2026-08-05 03:08:36.607,93,twin,0.96,0.97,0.97,6,1
1.0.0,2026-08-05 03:08:37.761,94,unripe,0.96,0.98,0.97,12,1
1.0.0,2026-08-05 03:08:39.057,95,twin,0.96,0.98,0.97,6,1
1.0.0,2026-08-05 03:08:39.057,95,healthy,0.94,0.95,0.94,6,0
1.0.0,2026-08-05 03:08:40.307,96,healthy,0.92,0.98,0.96,12,1
1.0.0,2026-08-05 03:08:41.359,97,twin,0.76,0.97,0.93,12,1
1.0.0,2026-08-05 03:08:42.557,98,unripe,0.96,0.98,0.97,12,1
1.0.0,2026-08-05 03:08:43.711,99,healthy,0.93,0.98,0.97,12,1
1.0.0,2026-08-05 03:08:44.961,100,healthy,0.86,0.97,0.93,6,0
1.0.0,2026-08-05 03:08:44.961,100,stemcrack,0.93,0.95,0.94,4,1
1.0.0,2026-08-05 03:08:46.440,101,healthy,0.95,0.98,0.97,9,1
1.0.0,2026-08-05 03:08:47.248,102,twin,0.94,0.98,0.97,12,1
1.0.0,2026-08-05 03:08:48.406,103,healthy,0.89,0.97,0.96,12,1
1.0.0,2026-08-05 03:08:49.409,104,twin,0.91,0.98,0.96,7,1
1.0.0,2026-08-05 03:08:49.409,104,healthy,0.8,0.92,0.86,5,0
1.0.0,2026-08-05 03:08:50.606,105,unripe,0.96,0.98,0.97,12,1
1.0.0,2026-08-05 03:08:51.856,106,twin,0.96,0.98,0.97,6,1
1.0.0,2026-08-05 03:08:51.856,106,healthy,0.92,0.96,0.94,6,0
1.0.0,2026-08-05 03:08:53.106,107,healthy,0.9,0.98,0.96,12,1
1.0.0,2026-08-05 03:08:54.172,108,twin,0.87,0.97,0.95,12,1
1.0.0,2026-08-05 03:08:55.352,109,unripe,0.97,0.98,0.97,12,1
1.0.0,2026-08-05 03:08:56.511,110,healthy,0.93,0.98,0.96,12,1
1.0.0,2026-08-05 03:08:57.761,111,healthy,0.76,0.96,0.9,6,0
1.0.0,2026-08-05 03:08:57.761,111,stemcrack,0.93,0.96,0.94,4,1
1.0.0,2026-08-05 03:08:59.248,112,healthy,0.94,0.98,0.96,11,1
1.0.0,2026-08-05 03:09:00.048,113,twin,0.89,0.98,0.96,12,1
1.0.0,2026-08-05 03:09:01.214,114,healthy,0.72,0.98,0.94,11,1
1.0.0,2026-08-05 03:09:02.264,115,twin,0.76,0.98,0.94,7,1
1.0.0,2026-08-05 03:09:02.264,115,healthy,0.82,0.93,0.88,5,0
1.0.0,2026-08-05 03:09:03.407,116,unripe,0.96,0.98,0.97,12,1
1.0.0,2026-08-05 03:09:04.656,117,twin,0.96,0.98,0.97,6,1
1.0.0,2026-08-05 03:09:04.656,117,healthy,0.94,0.96,0.94,6,0
1.0.0,2026-08-05 03:09:05.906,118,healthy,0.92,0.98,0.96,12,1
1.0.0,2026-08-05 03:09:07.014,119,twin,0.93,0.97,0.96,12,1
1.0.0,2026-08-05 03:09:08.197,120,unripe,0.96,0.98,0.97,12,1
1.0.0,2026-08-05 03:09:09.310,121,healthy,0.9,0.98,0.96,12,1
1.0.0,2026-08-05 03:09:10.598,122,healthy,0.76,0.96,0.89,6,0
1.0.0,2026-08-05 03:09:10.598,122,stemcrack,0.92,0.95,0.94,4,1
1.0.0,2026-08-05 03:09:12.050,123,healthy,0.82,0.97,0.94,11,1
1.0.0,2026-08-05 03:09:12.872,124,twin,0.88,0.98,0.96,12,1
1.0.0,2026-08-05 03:09:14.014,125,healthy,0.71,0.98,0.94,11,1
1.0.0,2026-08-05 03:09:15.056,126,healthy,0.84,0.94,0.91,6,0
1.0.0,2026-08-05 03:09:15.056,126,twin,0.96,0.98,0.97,6,1
1.0.0,2026-08-05 03:09:16.197,127,unripe,0.97,0.97,0.97,12,1
1.0.0,2026-08-05 03:09:17.447,128,twin,0.96,0.98,0.97,6,1
1.0.0,2026-08-05 03:09:17.447,128,healthy,0.93,0.96,0.94,6,0
1.0.0,2026-08-05 03:09:18.764,129,healthy,0.95,0.98,0.97,12,1
1.0.0,2026-08-05 03:09:19.810,130,twin,0.92,0.97,0.96,12,1
1.0.0,2026-08-05 03:09:21.014,131,unripe,0.96,0.98,0.97,12,1
1.0.0,2026-08-05 03:09:22.105,132,healthy,0.91,0.98,0.96,12,1
1.0.0,2026-08-05 03:09:23.414,133,healthy,0.82,0.97,0.92,6,0
1.0.0,2026-08-05 03:09:23.414,133,stemcrack,0.93,0.95,0.94,4,1
1.0.0,2026-08-05 03:09:24.910,134,healthy,0.89,0.98,0.95,11,1
1.0.0,2026-08-05 03:09:25.688,135,twin,0.95,0.98,0.97,12,1
1.0.0,2026-08-05 03:09:26.847,136,healthy,0.79,0.98,0.95,12,1
1.0.0,2026-08-05 03:09:27.897,137,twin,0.68,0.98,0.93,7,1
1.0.0,2026-08-05 03:09:27.897,137,healthy,0.75,0.9,0.84,5,0
1.0.0,2026-08-05 03:09:29.009,138,unripe,0.96,0.97,0.97,12,1
1.0.0,2026-08-05 03:09:30.310,139,twin,0.97,0.97,0.97,6,1
1.0.0,2026-08-05 03:09:30.310,139,healthy,0.92,0.95,0.93,6,0
1.0.0,2026-08-05 03:09:31.563,140,healthy,0.93,0.98,0.96,12,1
1.0.0,2026-08-05 03:09:32.610,141,twin,0.59,0.97,0.91,12,1
1.0.0,2026-08-05 03:09:33.809,142,unripe,0.96,0.98,0.97,12,1
1.0.0,2026-08-05 03:09:34.963,143,healthy,0.94,0.97,0.97,12,1
1.0.0,2026-08-05 03:09:36.213,144,healthy,0.84,0.97,0.92,6,0
1.0.0,2026-08-05 03:09:36.213,144,stemcrack,0.93,0.95,0.94,4,1
1.0.0,2026-08-05 03:09:37.768,145,healthy,0.76,0.98,0.94,12,1
1.0.0,2026-08-05 03:09:38.497,146,twin,0.96,0.98,0.97,12,1
1.0.0,2026-08-05 03:09:39.659,147,healthy,0.91,0.98,0.96,11,1
1.0.0,2026-08-05 03:09:40.659,148,twin,0.84,0.98,0.95,7,1
1.0.0,2026-08-05 03:09:40.659,148,healthy,0.85,0.92,0.88,5,0
1.0.0,2026-08-05 03:09:41.859,149,unripe,0.96,0.98,0.97,12,1
1.0.0,2026-08-05 03:09:43.109,150,twin,0.97,0.98,0.97,6,1
1.0.0,2026-08-05 03:09:43.109,150,healthy,0.92,0.95,0.94,6,0
1.0.0,2026-08-05 03:09:44.396,151,healthy,0.92,0.98,0.96,12,1
1.0.0,2026-08-05 03:09:45.409,152,twin,0.91,0.97,0.96,12,1
1.0.0,2026-08-05 03:09:46.659,153,unripe,0.96,0.98,0.97,12,1
1.0.0,2026-08-05 03:09:47.759,154,healthy,0.94,0.97,0.96,12,1
1.0.0,2026-08-05 03:09:49.047,155,healthy,0.79,0.97,0.91,6,0
1.0.0,2026-08-05 03:09:49.047,155,stemcrack,0.93,0.95,0.94,4,1
1.0.0,2026-08-05 03:09:50.492,156,healthy,0.88,0.97,0.95,10,1
1.0.0,2026-08-05 03:09:51.309,157,twin,0.8,0.98,0.96,12,1
1.0.0,2026-08-05 03:09:52.463,158,healthy,0.67,0.98,0.94,12,1
1.0.0,2026-08-05 03:09:53.509,159,twin,0.59,0.98,0.88,8,1
1.0.0,2026-08-05 03:09:53.509,159,healthy,0.87,0.91,0.89,4,0
1.0.0,2026-08-05 03:09:54.659,160,unripe,0.96,0.98,0.97,12,1
1.0.0,2026-08-05 03:09:55.909,161,twin,0.96,0.98,0.97,6,1
1.0.0,2026-08-05 03:09:55.909,161,healthy,0.92,0.95,0.94,6,0
1.0.0,2026-08-05 03:09:57.213,162,healthy,0.93,0.98,0.96,12,1
1.0.0,2026-08-05 03:09:58.259,163,twin,0.94,0.97,0.96,12,1
1.0.0,2026-08-05 03:09:59.463,164,unripe,0.96,0.98,0.97,12,1
1.0.0,2026-08-05 03:10:00.560,165,healthy,0.92,0.97,0.96,12,1
1.0.0,2026-08-05 03:10:01.860,166,healthy,0.78,0.96,0.92,6,0
1.0.0,2026-08-05 03:10:01.860,166,stemcrack,0.93,0.95,0.94,4,1
1.0.0,2026-08-05 03:10:03.319,167,healthy,0.92,0.98,0.96,11,1
1.0.0,2026-08-05 03:10:04.108,168,twin,0.94,0.98,0.97,12,1
1.0.0,2026-08-05 03:10:05.258,169,healthy,0.59,0.98,0.93,11,1
1.0.0,2026-08-05 03:10:06.305,170,healthy,0.69,0.94,0.87,6,0
1.0.0,2026-08-05 03:10:06.305,170,twin,0.96,0.98,0.97,6,1
1.0.0,2026-08-05 03:10:07.464,171,unripe,0.96,0.98,0.97,12,1
1.0.0,2026-08-05 03:10:08.712,172,twin,0.96,0.97,0.97,6,1
1.0.0,2026-08-05 03:10:08.712,172,healthy,0.93,0.95,0.94,6,0
1.0.0,2026-08-05 03:10:10.008,173,healthy,0.93,0.98,0.97,12,1
1.0.0,2026-08-05 03:10:11.058,174,twin,0.94,0.97,0.96,12,1
1.0.0,2026-08-05 03:10:12.262,175,unripe,0.96,0.98,0.97,12,1
1.0.0,2026-08-05 03:10:13.408,176,healthy,0.94,0.97,0.96,12,1
1.0.0,2026-08-05 03:10:14.658,177,healthy,0.84,0.96,0.92,6,0
1.0.0,2026-08-05 03:10:14.658,177,stemcrack,0.93,0.96,0.94,4,1
1.0.0,2026-08-05 03:10:16.149,178,healthy,0.86,0.98,0.96,11,1
1.0.0,2026-08-05 03:10:16.945,179,twin,0.77,0.98,0.95,12,1
1.0.0,2026-08-05 03:10:18.058,180,healthy,0.87,0.98,0.95,11,1
1.0.0,2026-08-05 03:10:19.108,181,twin,0.74,0.97,0.94,7,1
1.0.0,2026-08-05 03:10:19.108,181,healthy,0.73,0.94,0.85,5,0
1.0.0,2026-08-05 03:10:20.308,182,unripe,0.96,0.98,0.97,12,1
1.0.0,2026-08-05 03:10:21.558,183,twin,0.96,0.98,0.97,6,1
1.0.0,2026-08-05 03:10:21.558,183,healthy,0.94,0.95,0.94,6,0
1.0.0,2026-08-05 03:10:22.808,184,healthy,0.93,0.98,0.96,12,1
1.0.0,2026-08-05 03:10:23.858,185,twin,0.9,0.97,0.95,12,1
1.0.0,2026-08-05 03:10:25.058,186,unripe,0.97,0.98,0.97,12,1
1.0.0,2026-08-05 03:10:26.212,187,healthy,0.93,0.98,0.97,12,1
1.0.0,2026-08-05 03:10:27.462,188,healthy,0.84,0.97,0.92,6,0
1.0.0,2026-08-05 03:10:27.462,188,stemcrack,0.93,0.95,0.94,4,1
1.0.0,2026-08-05 03:10:29.004,189,healthy,0.9,0.98,0.96,11,1
1.0.0,2026-08-05 03:10:29.749,190,twin,0.91,0.98,0.97,12,1
1.0.0,2026-08-05 03:10:30.899,191,healthy,0.51,0.98,0.91,12,1
1.0.0,2026-08-05 03:10:31.962,192,twin,0.77,0.98,0.94,7,1
1.0.0,2026-08-05 03:10:31.962,192,healthy,0.68,0.93,0.87,5,0
1.0.0,2026-08-05 03:10:33.108,193,unripe,0.96,0.98,0.97,12,1
1.0.0,2026-08-05 03:10:34.358,194,healthy,0.91,0.95,0.94,6,0
1.0.0,2026-08-05 03:10:34.358,194,twin,0.96,0.98,0.97,6,1
1.0.0,2026-08-05 03:10:35.607,195,healthy,0.88,0.98,0.96,12,1
1.0.0,2026-08-05 03:10:36.712,196,twin,0.94,0.97,0.96,12,1
1.0.0,2026-08-05 03:10:37.870,197,unripe,0.96,0.98,0.97,12,1
1.0.0,2026-08-05 03:10:39.007,198,healthy,0.9,0.97,0.96,12,1
1.0.0,2026-08-05 03:10:40.299,199,healthy,0.76,0.96,0.9,6,0
1.0.0,2026-08-05 03:10:40.299,199,stemcrack,0.93,0.96,0.94,4,1
1.0.0,2026-08-05 03:10:41.840,200,healthy,0.85,0.98,0.94,11,1
1.0.0,2026-08-05 03:10:42.558,201,twin,0.94,0.98,0.97,11,1
1.0.0,2026-08-05 03:10:43.712,202,healthy,0.75,0.98,0.93,12,1
1.0.0,2026-08-05 03:10:44.762,203,healthy,0.73,0.94,0.88,5,0
1.0.0,2026-08-05 03:10:44.762,203,twin,0.86,0.98,0.95,7,1
1.0.0,2026-08-05 03:10:45.899,204,unripe,0.97,0.98,0.97,12,1
1.0.0,2026-08-05 03:10:47.149,205,twin,0.96,0.98,0.97,6,1
1.0.0,2026-08-05 03:10:47.149,205,healthy,0.92,0.95,0.94,6,0
1.0.0,2026-08-05 03:10:48.462,206,healthy,0.94,0.98,0.97,12,1
1.0.0,2026-08-05 03:10:49.507,207,twin,0.9,0.97,0.96,12,1
1.0.0,2026-08-05 03:10:50.711,208,unripe,0.96,0.98,0.97,12,1
1.0.0,2026-08-05 03:10:51.849,209,healthy,0.94,0.97,0.96,12,1
1.0.0,2026-08-05 03:10:53.107,210,healthy,0.87,0.97,0.93,6,0
1.0.0,2026-08-05 03:10:53.107,210,stemcrack,0.93,0.95,0.94,4,1
1.0.0,2026-08-05 03:10:54.607,211,healthy,0.89,0.98,0.95,10,1
1.0.0,2026-08-05 03:10:55.357,212,twin,0.96,0.98,0.97,12,1
1.0.0,2026-08-05 03:10:56.524,213,healthy,0.71,0.98,0.94,12,1
1.0.0,2026-08-05 03:10:57.561,214,healthy,0.83,0.94,0.87,6,0
1.0.0,2026-08-05 03:10:57.561,214,twin,0.96,0.98,0.97,6,1
1.0.0,2026-08-05 03:10:58.699,215,unripe,0.96,0.98,0.97,12,1
1.0.0,2026-08-05 03:10:59.961,216,twin,0.96,0.98,0.97,6,1
1.0.0,2026-08-05 03:10:59.961,216,healthy,0.93,0.95,0.94,6,0
1.0.0,2026-08-05 03:11:01.265,217,healthy,0.92,0.98,0.96,12,1
1.0.0,2026-08-05 03:11:02.307,218,twin,0.87,0.97,0.95,12,1
1.0.0,2026-08-05 03:11:03.515,219,unripe,0.96,0.98,0.97,12,1
1.0.0,2026-08-05 03:11:04.648,220,healthy,0.94,0.97,0.96,12,1
1.0.0,2026-08-05 03:11:05.899,221,healthy,0.87,0.97,0.93,6,0
1.0.0,2026-08-05 03:11:05.899,221,stemcrack,0.92,0.96,0.94,4,1
1.0.0,2026-08-05 03:11:07.461,222,healthy,0.95,0.98,0.97,10,0
1.0.0,2026-08-05 03:11:07.461,222,mold,0.56,0.56,0.56,1,1
1.0.0,2026-08-05 03:11:08.198,223,twin,0.95,0.98,0.97,12,1
1.0.0,2026-08-05 03:11:09.306,224,healthy,0.92,0.97,0.96,11,1
1.0.0,2026-08-05 03:11:10.357,225,twin,0.88,0.98,0.95,7,1
1.0.0,2026-08-05 03:11:10.357,225,healthy,0.82,0.94,0.9,5,0
1.0.0,2026-08-05 03:11:11.557,226,unripe,0.97,0.98,0.97,12,1
1.0.0,2026-08-05 03:11:12.806,227,twin,0.96,0.98,0.97,6,1
1.0.0,2026-08-05 03:11:12.806,227,healthy,0.92,0.95,0.94,6,0
1.0.0,2026-08-05 03:11:14.056,228,healthy,0.9,0.98,0.96,12,1
1.0.0,2026-08-05 03:11:15.160,229,twin,0.94,0.97,0.96,12,1
1.0.0,2026-08-05 03:11:16.306,230,unripe,0.96,0.98,0.97,12,1
1.0.0,2026-08-05 03:11:17.465,231,healthy,0.94,0.97,0.96,12,1
1.0.0,2026-08-05 03:11:18.723,232,healthy,0.83,0.96,0.91,6,0
1.0.0,2026-08-05 03:11:18.723,232,stemcrack,0.92,0.95,0.94,4,1
1.0.0,2026-08-05 03:11:20.294,233,healthy,0.91,0.98,0.96,11,1
1.0.0,2026-08-05 03:11:20.998,234,twin,0.9,0.98,0.97,12,1
1.0.0,2026-08-05 03:11:22.156,235,healthy,0.65,0.97,0.91,12,1
1.0.0,2026-08-05 03:11:23.223,236,twin,0.76,0.98,0.94,7,1
1.0.0,2026-08-05 03:11:23.223,236,healthy,0.74,0.93,0.88,5,0
1.0.0,2026-08-05 03:11:24.362,237,unripe,0.96,0.98,0.97,12,1
1.0.0,2026-08-05 03:11:25.610,238,twin,0.96,0.97,0.97,6,1
1.0.0,2026-08-05 03:11:25.610,238,healthy,0.93,0.95,0.94,6,0
1.0.0,2026-08-05 03:11:26.898,239,healthy,0.91,0.98,0.96,12,1
1.0.0,2026-08-05 03:11:27.973,240,twin,0.94,0.97,0.96,12,1
1.0.0,2026-08-05 03:11:29.164,241,unripe,0.96,0.98,0.97,12,1
1.0.0,2026-08-05 03:11:30.264,242,healthy,0.94,0.97,0.96,12,1
1.0.0,2026-08-05 03:11:31.556,243,healthy,0.8,0.96,0.92,6,0
1.0.0,2026-08-05 03:11:31.556,243,stemcrack,0.93,0.95,0.94,4,1
1.0.0,2026-08-05 03:11:33.136,244,healthy,0.95,0.97,0.97,10,1
1.0.0,2026-08-05 03:11:33.810,245,twin,0.96,0.98,0.97,12,1
1.0.0,2026-08-05 03:11:34.964,246,healthy,0.53,0.98,0.91,12,1
1.0.0,2026-08-05 03:11:36.022,247,twin,0.93,0.98,0.96,7,1
1.0.0,2026-08-05 03:11:36.022,247,healthy,0.83,0.94,0.9,5,0
1.0.0,2026-08-05 03:11:37.164,248,unripe,0.97,0.97,0.97,12,1
1.0.0,2026-08-05 03:11:38.497,249,twin,0.97,0.98,0.97,6,1
1.0.0,2026-08-05 03:11:38.497,249,healthy,0.93,0.94,0.94,6,0
1.0.0,2026-08-05 03:11:39.698,250,healthy,0.95,0.98,0.96,12,1
1.0.0,2026-08-05 03:11:40.764,251,twin,0.91,0.97,0.96,12,1
1.0.0,2026-08-05 03:11:41.914,252,unripe,0.97,0.98,0.97,12,1
1.0.0,2026-08-05 03:11:43.110,253,healthy,0.95,0.97,0.97,12,1
1.0.0,2026-08-05 03:11:44.360,254,healthy,0.81,0.97,0.92,6,0
1.0.0,2026-08-05 03:11:44.360,254,stemcrack,0.93,0.95,0.94,4,1
1.0.0,2026-08-05 03:11:45.597,255,healthy,0.93,0.98,0.96,12,1
1.0.0,2026-08-05 03:11:46.610,256,twin,0.96,0.98,0.97,12,1
1.0.0,2026-08-05 03:11:47.764,257,healthy,0.77,0.98,0.94,11,1
1.0.0,2026-08-05 03:11:48.810,258,healthy,0.75,0.92,0.85,6,0
1.0.0,2026-08-05 03:11:48.810,258,twin,0.96,0.98,0.97,6,1
1.0.0,2026-08-05 03:11:50.010,259,unripe,0.96,0.98,0.97,12,1
1.0.0,2026-08-05 03:11:51.260,260,twin,0.96,0.98,0.97,6,1
1.0.0,2026-08-05 03:11:51.260,260,healthy,0.92,0.95,0.94,6,0
1.0.0,2026-08-05 03:11:52.510,261,healthy,0.93,0.98,0.96,12,1
1.0.0,2026-08-05 03:11:53.560,262,twin,0.81,0.97,0.94,12,1
1.0.0,2026-08-05 03:11:54.760,263,unripe,0.97,0.98,0.97,12,1
1.0.0,2026-08-05 03:11:55.910,264,healthy,0.94,0.97,0.97,12,1
1.0.0,2026-08-05 03:11:57.159,265,healthy,0.86,0.97,0.92,6,0
1.0.0,2026-08-05 03:11:57.159,265,stemcrack,0.92,0.95,0.94,4,1
1.0.0,2026-08-05 03:11:58.397,266,healthy,0.54,0.97,0.91,12,1
1.0.0,2026-08-05 03:11:59.463,267,twin,0.91,0.98,0.97,12,1
1.0.0,2026-08-05 03:12:00.609,268,healthy,0.8,0.98,0.95,12,1
1.0.0,2026-08-05 03:12:01.609,269,twin,0.96,0.97,0.97,6,1
1.0.0,2026-08-05 03:12:01.609,269,healthy,0.71,0.94,0.86,6,0
1.0.0,2026-08-05 03:12:02.809,270,unripe,0.96,0.98,0.97,12,1
1.0.0,2026-08-05 03:12:04.055,271,twin,0.97,0.98,0.97,6,1
1.0.0,2026-08-05 03:12:04.055,271,healthy,0.94,0.96,0.95,6,0
1.0.0,2026-08-05 03:12:05.309,272,healthy,0.89,0.98,0.96,12,1
1.0.0,2026-08-05 03:12:06.359,273,twin,0.93,0.97,0.96,12,1
1.0.0,2026-08-05 03:12:07.559,274,unripe,0.96,0.98,0.97,12,1
1.0.0,2026-08-05 03:12:08.709,275,healthy,0.94,0.98,0.96,12,1
1.0.0,2026-08-05 03:12:09.997,276,healthy,0.78,0.97,0.91,6,0
1.0.0,2026-08-05 03:12:09.997,276,stemcrack,0.93,0.95,0.94,4,1
1.0.0,2026-08-05 03:12:11.247,277,healthy,0.7,0.98,0.92,12,1
1.0.0,2026-08-05 03:12:12.259,278,twin,0.94,0.98,0.97,12,1
1.0.0,2026-08-05 03:12:13.409,279,healthy,0.59,0.98,0.91,12,1
1.0.0,2026-08-05 03:12:14.463,280,healthy,0.78,0.92,0.86,5,0
1.0.0,2026-08-05 03:12:14.463,280,twin,0.93,0.98,0.96,7,1
1.0.0,2026-08-05 03:12:15.609,281,unripe,0.97,0.98,0.97,12,1
1.0.0,2026-08-05 03:12:16.859,282,twin,0.96,0.97,0.97,6,1
1.0.0,2026-08-05 03:12:16.859,282,healthy,0.92,0.94,0.94,6,0
1.0.0,2026-08-05 03:12:18.146,283,healthy,0.91,0.98,0.96,12,1
1.0.0,2026-08-05 03:12:19.171,284,twin,0.86,0.97,0.95,12,1
1.0.0,2026-08-05 03:12:20.411,285,unripe,0.97,0.98,0.97,12,1
1.0.0,2026-08-05 03:12:21.421,286,healthy,0.76,0.98,0.95,12,1
1.0.0,2026-08-05 03:12:22.810,287,healthy,0.84,0.97,0.93,6,0
1.0.0,2026-08-05 03:12:22.810,287,stemcrack,0.93,0.96,0.94,4,1
1.0.0,2026-08-05 03:12:24.101,288,healthy,0.8,0.98,0.95,12,1
1.0.0,2026-08-05 03:12:25.059,289,twin,0.94,0.98,0.97,12,1
1.0.0,2026-08-05 03:12:26.259,290,healthy,0.52,0.98,0.92,11,1
1.0.0,2026-08-05 03:12:27.258,291,twin,0.83,0.97,0.95,7,1
1.0.0,2026-08-05 03:12:27.258,291,healthy,0.85,0.94,0.9,5,0
1.0.0,2026-08-05 03:12:28.409,292,unripe,0.96,0.98,0.97,12,1
1.0.0,2026-08-05 03:12:29.671,293,twin,0.96,0.97,0.97,6,1
1.0.0,2026-08-05 03:12:29.671,293,healthy,0.93,0.95,0.94,6,0
1.0.0,2026-08-05 03:12:30.964,294,healthy,0.89,0.98,0.96,12,1
1.0.0,2026-08-05 03:12:32.009,295,twin,0.91,0.97,0.95,12,1
1.0.0,2026-08-05 03:12:33.213,296,unripe,0.96,0.98,0.97,12,1
1.0.0,2026-08-05 03:12:34.250,297,healthy,0.58,0.98,0.93,12,1
1.0.0,2026-08-05 03:12:35.615,298,healthy,0.87,0.97,0.93,6,0
1.0.0,2026-08-05 03:12:35.615,298,stemcrack,0.93,0.95,0.94,4,1
1.0.0,2026-08-05 03:12:36.900,299,healthy,0.86,0.98,0.95,12,1
1.0.0,2026-08-05 03:12:37.900,300,twin,0.95,0.98,0.97,12,1
1.0.0,2026-08-05 03:12:39.058,301,healthy,0.63,0.97,0.93,12,1
1.0.0,2026-08-05 03:12:40.059,302,healthy,0.55,0.93,0.78,6,0
1.0.0,2026-08-05 03:12:40.059,302,twin,0.96,0.97,0.97,6,1
1.0.0,2026-08-05 03:12:41.258,303,unripe,0.97,0.98,0.97,12,1
1.0.0,2026-08-05 03:12:42.462,304,twin,0.97,0.98,0.97,6,1
1.0.0,2026-08-05 03:12:42.462,304,healthy,0.92,0.96,0.94,6,0
1.0.0,2026-08-05 03:12:43.758,305,healthy,0.92,0.98,0.96,12,1
1.0.0,2026-08-05 03:12:44.808,306,twin,0.77,0.97,0.93,12,1
1.0.0,2026-08-05 03:12:46.021,307,unripe,0.96,0.98,0.97,12,1
1.0.0,2026-08-05 03:12:47.160,308,healthy,0.93,0.98,0.96,12,1
1.0.0,2026-08-05 03:12:48.400,309,healthy,0.8,0.97,0.91,6,0
1.0.0,2026-08-05 03:12:48.400,309,stemcrack,0.93,0.95,0.94,4,1
1.0.0,2026-08-05 03:12:49.750,310,healthy,0.56,0.98,0.92,12,1
1.0.0,2026-08-05 03:12:50.712,311,twin,0.94,0.98,0.97,12,1
1.0.0,2026-08-05 03:12:51.859,312,healthy,0.84,0.98,0.95,12,1
1.0.0,2026-08-05 03:12:52.911,313,twin,0.87,0.98,0.95,7,1
1.0.0,2026-08-05 03:12:52.911,313,healthy,0.68,0.93,0.83,5,0
1.0.0,2026-08-05 03:12:54.058,314,unripe,0.96,0.98,0.97,12,1
1.0.0,2026-08-05 03:12:55.308,315,twin,0.96,0.98,0.97,6,1
1.0.0,2026-08-05 03:12:55.308,315,healthy,0.93,0.96,0.94,6,0
1.0.0,2026-08-05 03:12:56.612,316,healthy,0.95,0.98,0.97,12,1
1.0.0,2026-08-05 03:12:57.608,317,twin,0.93,0.97,0.96,12,1
1.0.0,2026-08-05 03:12:58.808,318,unripe,0.96,0.98,0.97,12,1
1.0.0,2026-08-05 03:12:59.962,319,healthy,0.94,0.97,0.96,12,1
1.0.0,2026-08-05 03:13:01.249,320,healthy,0.76,0.96,0.9,6,0
1.0.0,2026-08-05 03:13:01.249,320,stemcrack,0.93,0.96,0.94,4,1
1.0.0,2026-08-05 03:13:02.550,321,healthy,0.72,0.98,0.93,12,1
1.0.0,2026-08-05 03:13:03.508,322,twin,0.96,0.98,0.97,12,1
1.0.0,2026-08-05 03:13:04.670,323,healthy,0.92,0.98,0.96,11,1
1.0.0,2026-08-05 03:13:05.712,324,healthy,0.86,0.94,0.9,5,0
1.0.0,2026-08-05 03:13:05.712,324,twin,0.88,0.98,0.96,7,1
1.0.0,2026-08-05 03:13:06.858,325,unripe,0.96,0.98,0.97,12,1
1.0.0,2026-08-05 03:13:08.120,326,twin,0.97,0.98,0.97,6,1
1.0.0,2026-08-05 03:13:08.120,326,healthy,0.92,0.94,0.93,6,0
1.0.0,2026-08-05 03:13:09.399,327,healthy,0.93,0.98,0.97,12,1
1.0.0,2026-08-05 03:13:10.466,328,twin,0.93,0.97,0.96,12,1
1.0.0,2026-08-05 03:13:11.649,329,unripe,0.97,0.98,0.97,12,1
1.0.0,2026-08-05 03:13:12.765,330,healthy,0.94,0.97,0.97,12,1
1.0.0,2026-08-05 03:13:14.058,331,healthy,0.83,0.96,0.92,6,0
1.0.0,2026-08-05 03:13:14.058,331,stemcrack,0.93,0.95,0.94,4,1
1.0.0,2026-08-05 03:13:15.366,332,healthy,0.8,0.98,0.95,11,1
1.0.0,2026-08-05 03:13:16.307,333,twin,0.95,0.98,0.97,12,1
1.0.0,2026-08-05 03:13:17.465,334,healthy,0.82,0.98,0.96,11,1
1.0.0,2026-08-05 03:13:18.515,335,twin,0.8,0.98,0.95,7,1
1.0.0,2026-08-05 03:13:18.515,335,healthy,0.8,0.93,0.9,5,0
1.0.0,2026-08-05 03:13:19.670,336,unripe,0.96,0.98,0.97,12,1
1.0.0,2026-08-05 03:13:20.941,337,twin,0.96,0.98,0.97,6,1
1.0.0,2026-08-05 03:13:20.941,337,healthy,0.93,0.97,0.94,6,0
1.0.0,2026-08-05 03:13:22.211,338,healthy,0.89,0.98,0.96,12,1
1.0.0,2026-08-05 03:13:23.263,339,twin,0.92,0.97,0.95,12,1
1.0.0,2026-08-05 03:13:24.473,340,unripe,0.96,0.98,0.97,12,1
1.0.0,2026-08-05 03:13:25.606,341,healthy,0.92,0.97,0.96,12,1
1.0.0,2026-08-05 03:13:26.864,342,healthy,0.87,0.97,0.93,6,0
1.0.0,2026-08-05 03:13:26.864,342,stemcrack,0.92,0.96,0.94,4,1
1.0.0,2026-08-05 03:13:28.251,343,healthy,0.88,0.97,0.95,12,1
1.0.0,2026-08-05 03:13:29.135,344,twin,0.89,0.98,0.96,12,1
1.0.0,2026-08-05 03:13:30.310,345,healthy,0.9,0.97,0.96,11,1
1.0.0,2026-08-05 03:13:31.311,346,twin,0.96,0.97,0.97,6,1
1.0.0,2026-08-05 03:13:31.311,346,healthy,0.73,0.94,0.87,6,0
1.0.0,2026-08-05 03:13:32.507,347,unripe,0.97,0.98,0.97,12,1
1.0.0,2026-08-05 03:13:33.759,348,twin,0.96,0.98,0.97,6,1
1.0.0,2026-08-05 03:13:33.759,348,healthy,0.93,0.95,0.94,6,0
1.0.0,2026-08-05 03:13:35.010,349,healthy,0.9,0.98,0.96,12,1
1.0.0,2026-08-05 03:13:36.054,350,twin,0.85,0.97,0.95,12,1
1.0.0,2026-08-05 03:13:42.138,351,unripe,0.96,0.98,0.97,12,1
# === SESSION END   2026-08-05 03:13:42 ===
# === SESSION START 2026-08-05 03:15:10 ===
1.0.0,2026-08-05 03:15:27.438,1,healthy,0.96,0.97,0.97,6,1
1.0.0,2026-08-05 03:15:28.744,2,healthy,0.69,0.97,0.89,6,0
1.0.0,2026-08-05 03:15:28.744,2,stemcrack,0.92,0.95,0.94,4,1
1.0.0,2026-08-05 03:15:30.141,3,healthy,0.93,0.97,0.96,12,1
1.0.0,2026-08-05 03:15:31.038,4,twin,0.96,0.98,0.97,12,1
1.0.0,2026-08-05 03:15:32.202,5,healthy,0.65,0.98,0.94,11,1
1.0.0,2026-08-05 03:15:33.186,6,twin,0.95,0.98,0.97,7,1
1.0.0,2026-08-05 03:15:33.186,6,healthy,0.84,0.93,0.89,5,0
1.0.0,2026-08-05 03:15:34.405,7,unripe,0.96,0.98,0.97,12,1
1.0.0,2026-08-05 03:15:35.657,8,twin,0.96,0.98,0.97,6,1
1.0.0,2026-08-05 03:15:35.657,8,healthy,0.93,0.95,0.94,6,0
1.0.0,2026-08-05 03:15:36.898,9,healthy,0.91,0.98,0.96,12,1
1.0.0,2026-08-05 03:15:37.981,10,twin,0.93,0.97,0.96,12,1
1.0.0,2026-08-05 03:15:39.153,11,unripe,0.96,0.98,0.97,12,1
1.0.0,2026-08-05 03:15:40.297,12,healthy,0.92,0.97,0.96,12,1
1.0.0,2026-08-05 03:15:41.595,13,healthy,0.75,0.97,0.9,6,0
1.0.0,2026-08-05 03:15:41.595,13,stemcrack,0.92,0.96,0.94,5,1
1.0.0,2026-08-05 03:15:42.948,14,healthy,0.84,0.98,0.95,11,1
1.0.0,2026-08-05 03:15:43.840,15,twin,0.73,0.98,0.95,12,1
1.0.0,2026-08-05 03:15:44.998,16,healthy,0.59,0.98,0.93,12,1
1.0.0,2026-08-05 03:15:46.042,17,twin,0.79,0.98,0.94,7,1
1.0.0,2026-08-05 03:15:46.042,17,healthy,0.81,0.92,0.87,5,0
1.0.0,2026-08-05 03:15:47.202,18,unripe,0.96,0.98,0.97,12,1
1.0.0,2026-08-05 03:15:48.448,19,twin,0.96,0.98,0.97,6,1
1.0.0,2026-08-05 03:15:48.448,19,healthy,0.92,0.94,0.94,6,0
1.0.0,2026-08-05 03:15:49.749,20,healthy,0.92,0.98,0.96,12,1
1.0.0,2026-08-05 03:15:50.791,21,twin,0.93,0.97,0.96,12,1
1.0.0,2026-08-05 03:15:51.999,22,unripe,0.96,0.98,0.97,12,1
1.0.0,2026-08-05 03:15:53.090,23,healthy,0.92,0.98,0.96,12,1
1.0.0,2026-08-05 03:15:54.407,24,healthy,0.78,0.97,0.91,6,0
1.0.0,2026-08-05 03:15:54.407,24,stemcrack,0.93,0.95,0.94,4,1
1.0.0,2026-08-05 03:15:55.794,25,healthy,0.86,0.98,0.95,12,1
1.0.0,2026-08-05 03:15:56.648,26,twin,0.96,0.98,0.97,12,1
1.0.0,2026-08-05 03:15:57.790,27,healthy,0.56,0.98,0.93,12,1
1.0.0,2026-08-05 03:15:58.840,28,twin,0.94,0.98,0.96,7,1
1.0.0,2026-08-05 03:15:58.840,28,healthy,0.88,0.94,0.9,5,0
1.0.0,2026-08-05 03:15:59.994,29,unripe,0.96,0.98,0.97,12,1
1.0.0,2026-08-05 03:16:01.253,30,twin,0.96,0.97,0.97,6,1
1.0.0,2026-08-05 03:16:01.253,30,healthy,0.93,0.94,0.94,6,0
1.0.0,2026-08-05 03:16:02.547,31,healthy,0.93,0.98,0.96,12,1
1.0.0,2026-08-05 03:16:03.590,32,twin,0.93,0.97,0.96,12,1
1.0.0,2026-08-05 03:16:04.794,33,unripe,0.97,0.98,0.97,12,1
1.0.0,2026-08-05 03:16:05.962,34,healthy,0.93,0.98,0.96,12,1
1.0.0,2026-08-05 03:16:07.195,35,healthy,0.84,0.97,0.92,6,0
1.0.0,2026-08-05 03:16:07.195,35,stemcrack,0.93,0.96,0.94,4,1
1.0.0,2026-08-05 03:16:08.587,36,healthy,0.89,0.98,0.96,11,1
1.0.0,2026-08-05 03:16:09.497,37,twin,0.95,0.98,0.97,12,1
1.0.0,2026-08-05 03:16:10.652,38,healthy,0.61,0.98,0.94,12,1
1.0.0,2026-08-05 03:16:11.651,39,twin,0.96,0.98,0.97,6,1
1.0.0,2026-08-05 03:16:11.651,39,healthy,0.81,0.92,0.88,6,0
1.0.0,2026-08-05 03:16:12.851,40,unripe,0.96,0.98,0.97,12,1
1.0.0,2026-08-05 03:16:14.094,41,twin,0.96,0.97,0.97,6,1
1.0.0,2026-08-05 03:16:14.094,41,healthy,0.92,0.95,0.94,6,0
1.0.0,2026-08-05 03:16:15.339,42,healthy,0.94,0.98,0.96,12,1
1.0.0,2026-08-05 03:16:16.387,43,twin,0.95,0.97,0.96,12,1
1.0.0,2026-08-05 03:16:17.596,44,unripe,0.96,0.98,0.97,12,1
1.0.0,2026-08-05 03:16:18.752,45,healthy,0.94,0.97,0.96,12,1
1.0.0,2026-08-05 03:16:19.993,46,healthy,0.84,0.97,0.92,6,0
1.0.0,2026-08-05 03:16:19.993,46,stemcrack,0.93,0.96,0.94,4,1
1.0.0,2026-08-05 03:16:21.434,47,healthy,0.91,0.98,0.96,12,1
1.0.0,2026-08-05 03:16:22.283,48,twin,0.96,0.98,0.97,12,1
1.0.0,2026-08-05 03:16:23.390,49,healthy,0.7,0.98,0.93,12,1
1.0.0,2026-08-05 03:16:24.434,50,twin,0.86,0.98,0.95,7,1
1.0.0,2026-08-05 03:16:24.434,50,healthy,0.71,0.91,0.85,5,0
1.0.0,2026-08-05 03:16:25.651,51,unripe,0.96,0.98,0.97,12,1
1.0.0,2026-08-05 03:16:26.900,52,twin,0.97,0.98,0.97,6,1
1.0.0,2026-08-05 03:16:26.900,52,healthy,0.94,0.95,0.94,6,0
1.0.0,2026-08-05 03:16:28.137,53,healthy,0.93,0.98,0.96,12,1
1.0.0,2026-08-05 03:16:29.204,54,twin,0.94,0.97,0.96,12,1
1.0.0,2026-08-05 03:16:30.406,55,unripe,0.96,0.98,0.97,12,1
1.0.0,2026-08-05 03:16:31.543,56,healthy,0.94,0.97,0.96,12,1
1.0.0,2026-08-05 03:16:32.855,57,healthy,0.77,0.97,0.89,6,0
1.0.0,2026-08-05 03:16:32.855,57,stemcrack,0.93,0.95,0.94,4,1
1.0.0,2026-08-05 03:16:34.233,58,healthy,0.94,0.98,0.97,11,1
1.0.0,2026-08-05 03:16:35.102,59,twin,0.96,0.98,0.97,12,1
1.0.0,2026-08-05 03:16:36.238,60,healthy,0.88,0.98,0.96,12,1
1.0.0,2026-08-05 03:16:37.299,61,healthy,0.82,0.93,0.88,5,0
1.0.0,2026-08-05 03:16:37.299,61,twin,0.95,0.98,0.96,7,1
1.0.0,2026-08-05 03:16:38.436,62,unripe,0.96,0.98,0.97,12,1
1.0.0,2026-08-05 03:16:39.695,63,twin,0.97,0.98,0.97,6,1
1.0.0,2026-08-05 03:16:39.695,63,healthy,0.93,0.94,0.94,6,0
1.0.0,2026-08-05 03:16:40.997,64,healthy,0.92,0.98,0.96,12,1
1.0.0,2026-08-05 03:16:41.998,65,twin,0.94,0.97,0.96,12,1
1.0.0,2026-08-05 03:16:43.273,66,unripe,0.96,0.98,0.97,12,1
1.0.0,2026-08-05 03:16:44.401,67,healthy,0.95,0.97,0.96,12,1
1.0.0,2026-08-05 03:16:45.652,68,healthy,0.75,0.96,0.91,6,0
1.0.0,2026-08-05 03:16:45.652,68,stemcrack,0.93,0.95,0.94,4,1
1.0.0,2026-08-05 03:16:47.084,69,healthy,0.95,0.98,0.97,12,1
1.0.0,2026-08-05 03:16:47.935,70,twin,0.96,0.98,0.97,12,1
1.0.0,2026-08-05 03:16:49.039,71,healthy,0.83,0.98,0.95,11,1
1.0.0,2026-08-05 03:16:50.109,72,healthy,0.68,0.93,0.83,6,0
1.0.0,2026-08-05 03:16:50.109,72,twin,0.96,0.98,0.97,6,1
1.0.0,2026-08-05 03:16:51.249,73,unripe,0.96,0.98,0.97,12,1
1.0.0,2026-08-05 03:16:52.535,74,twin,0.97,0.98,0.97,6,1
1.0.0,2026-08-05 03:16:52.535,74,healthy,0.91,0.97,0.94,6,0
1.0.0,2026-08-05 03:16:53.794,75,healthy,0.91,0.98,0.96,12,1
1.0.0,2026-08-05 03:16:54.841,76,twin,0.93,0.97,0.96,12,1
1.0.0,2026-08-05 03:16:56.048,77,unripe,0.96,0.98,0.97,12,1
1.0.0,2026-08-05 03:16:57.198,78,healthy,0.93,0.97,0.96,12,1
1.0.0,2026-08-05 03:16:58.449,79,healthy,0.87,0.98,0.93,6,0
1.0.0,2026-08-05 03:16:58.449,79,stemcrack,0.93,0.95,0.94,4,1
1.0.0,2026-08-05 03:16:59.854,80,healthy,0.72,0.98,0.92,12,1
1.0.0,2026-08-05 03:17:00.735,81,twin,0.96,0.98,0.97,12,1
1.0.0,2026-08-05 03:17:01.929,82,healthy,0.94,0.98,0.97,11,1
1.0.0,2026-08-05 03:17:02.904,83,twin,0.64,0.98,0.92,7,1
1.0.0,2026-08-05 03:17:02.904,83,healthy,0.83,0.94,0.89,5,0
1.0.0,2026-08-05 03:17:04.102,84,unripe,0.96,0.98,0.97,12,1
1.0.0,2026-08-05 03:17:05.337,85,twin,0.96,0.98,0.97,6,1
1.0.0,2026-08-05 03:17:05.337,85,healthy,0.93,0.94,0.94,6,0
1.0.0,2026-08-05 03:17:06.608,86,healthy,0.94,0.98,0.96,12,1
1.0.0,2026-08-05 03:17:07.654,87,twin,0.94,0.97,0.96,12,1
1.0.0,2026-08-05 03:17:08.843,88,unripe,0.97,0.98,0.97,12,1
1.0.0,2026-08-05 03:17:10.002,89,healthy,0.94,0.97,0.96,12,1
1.0.0,2026-08-05 03:17:11.245,90,healthy,0.84,0.97,0.92,6,0
1.0.0,2026-08-05 03:17:11.245,90,stemcrack,0.92,0.95,0.94,4,1
1.0.0,2026-08-05 03:17:12.685,91,healthy,0.53,0.98,0.92,12,1
1.0.0,2026-08-05 03:17:13.548,92,twin,0.95,0.98,0.97,12,1
1.0.0,2026-08-05 03:17:14.695,93,healthy,0.61,0.98,0.93,12,1
1.0.0,2026-08-05 03:17:15.750,94,twin,0.96,0.98,0.97,6,1
1.0.0,2026-08-05 03:17:15.750,94,healthy,0.62,0.94,0.83,6,0
1.0.0,2026-08-05 03:17:16.908,95,unripe,0.96,0.98,0.97,12,1
1.0.0,2026-08-05 03:17:18.154,96,twin,0.96,0.98,0.97,6,1
1.0.0,2026-08-05 03:17:18.154,96,healthy,0.93,0.96,0.94,6,0
1.0.0,2026-08-05 03:17:19.435,97,healthy,0.93,0.98,0.96,12,1
1.0.0,2026-08-05 03:17:20.502,98,twin,0.94,0.97,0.96,12,1
1.0.0,2026-08-05 03:17:21.701,99,unripe,0.97,0.98,0.97,12,1
1.0.0,2026-08-05 03:17:22.791,100,healthy,0.92,0.97,0.96,12,1
1.0.0,2026-08-05 03:17:24.107,101,healthy,0.78,0.96,0.89,6,0
1.0.0,2026-08-05 03:17:24.107,101,stemcrack,0.93,0.95,0.95,4,1
1.0.0,2026-08-05 03:17:25.483,102,healthy,0.81,0.98,0.93,10,0
1.0.0,2026-08-05 03:17:25.483,102,mold,0.56,0.56,0.56,1,0
1.0.0,2026-08-05 03:17:25.483,102,twin,0.87,0.87,0.87,1,1
1.0.0,2026-08-05 03:17:26.353,103,twin,0.95,0.98,0.97,12,1
1.0.0,2026-08-05 03:17:27.496,104,healthy,0.72,0.98,0.93,12,1
1.0.0,2026-08-05 03:17:28.542,105,healthy,0.74,0.91,0.82,6,0
1.0.0,2026-08-05 03:17:28.542,105,twin,0.96,0.98,0.97,6,1
1.0.0,2026-08-05 03:17:29.699,106,unripe,0.96,0.98,0.97,12,1
1.0.0,2026-08-05 03:17:30.955,107,twin,0.96,0.98,0.97,6,1
1.0.0,2026-08-05 03:17:30.955,107,healthy,0.92,0.94,0.94,6,0
1.0.0,2026-08-05 03:17:32.248,108,healthy,0.94,0.98,0.96,12,1
1.0.0,2026-08-05 03:17:33.293,109,twin,0.93,0.97,0.96,12,1
1.0.0,2026-08-05 03:17:34.497,110,unripe,0.96,0.98,0.97,12,1
1.0.0,2026-08-05 03:17:35.593,111,healthy,0.93,0.97,0.96,12,1
1.0.0,2026-08-05 03:17:36.905,112,healthy,0.85,0.96,0.93,6,0
1.0.0,2026-08-05 03:17:36.905,112,stemcrack,0.92,0.96,0.94,4,1
1.0.0,2026-08-05 03:17:38.294,113,healthy,0.7,0.98,0.93,11,1
1.0.0,2026-08-05 03:17:39.158,114,twin,0.94,0.98,0.97,12,1
1.0.0,2026-08-05 03:17:40.296,115,healthy,0.87,0.98,0.96,11,1
1.0.0,2026-08-05 03:17:41.343,116,twin,0.74,0.98,0.94,7,1
1.0.0,2026-08-05 03:17:41.343,116,healthy,0.72,0.9,0.85,5,0
1.0.0,2026-08-05 03:17:42.493,117,unripe,0.96,0.98,0.97,12,1
1.0.0,2026-08-05 03:17:43.798,118,twin,0.97,0.98,0.97,6,1
1.0.0,2026-08-05 03:17:43.798,118,healthy,0.93,0.95,0.94,6,0
1.0.0,2026-08-05 03:17:45.046,119,healthy,0.92,0.98,0.96,12,1
1.0.0,2026-08-05 03:17:46.104,120,twin,0.93,0.97,0.96,12,1
1.0.0,2026-08-05 03:17:47.295,121,unripe,0.96,0.98,0.97,12,1
1.0.0,2026-08-05 03:17:48.459,122,healthy,0.94,0.97,0.96,12,1
1.0.0,2026-08-05 03:17:49.700,123,healthy,0.83,0.97,0.91,6,0
1.0.0,2026-08-05 03:17:49.700,123,stemcrack,0.92,0.95,0.94,4,1
1.0.0,2026-08-05 03:17:51.139,124,healthy,0.91,0.98,0.96,12,1
1.0.0,2026-08-05 03:17:51.997,125,twin,0.96,0.98,0.97,12,1
1.0.0,2026-08-05 03:17:53.103,126,healthy,0.91,0.98,0.96,11,1
1.0.0,2026-08-05 03:17:54.233,127,twin,0.73,0.98,0.94,7,1
1.0.0,2026-08-05 03:17:54.233,127,healthy,0.88,0.94,0.91,5,0
1.0.0,2026-08-05 03:17:55.349,128,unripe,0.97,0.98,0.97,12,1
1.0.0,2026-08-05 03:17:56.588,129,twin,0.97,0.98,0.97,6,1
1.0.0,2026-08-05 03:17:56.588,129,healthy,0.93,0.95,0.94,6,0
1.0.0,2026-08-05 03:17:57.890,130,healthy,0.94,0.97,0.96,12,1
1.0.0,2026-08-05 03:17:58.917,131,twin,0.92,0.97,0.96,12,1
1.0.0,2026-08-05 03:18:00.092,132,unripe,0.97,0.98,0.97,12,1
1.0.0,2026-08-05 03:18:01.249,133,healthy,0.94,0.97,0.96,12,1
1.0.0,2026-08-05 03:18:02.536,134,healthy,0.8,0.97,0.91,6,0
1.0.0,2026-08-05 03:18:02.536,134,stemcrack,0.93,0.96,0.94,4,1
1.0.0,2026-08-05 03:18:03.892,135,healthy,0.78,0.98,0.95,10,0
1.0.0,2026-08-05 03:18:03.892,135,twin,0.8,0.8,0.8,1,1
1.0.0,2026-08-05 03:18:04.794,136,twin,0.92,0.98,0.97,12,1
1.0.0,2026-08-05 03:18:05.945,137,healthy,0.62,0.98,0.93,12,1
1.0.0,2026-08-05 03:18:06.993,138,twin,0.66,0.98,0.89,8,1
1.0.0,2026-08-05 03:18:06.993,138,healthy,0.88,0.92,0.9,4,0
1.0.0,2026-08-05 03:18:08.151,139,unripe,0.96,0.98,0.97,12,1
1.0.0,2026-08-05 03:18:09.387,140,twin,0.96,0.98,0.97,6,1
1.0.0,2026-08-05 03:18:09.387,140,healthy,0.92,0.94,0.94,6,0
1.0.0,2026-08-05 03:18:10.702,141,healthy,0.95,0.98,0.96,12,1
1.0.0,2026-08-05 03:18:11.696,142,twin,0.95,0.97,0.96,12,1
1.0.0,2026-08-05 03:18:12.954,143,unripe,0.96,0.98,0.97,12,1
1.0.0,2026-08-05 03:18:14.041,144,healthy,0.96,0.97,0.96,12,1
1.0.0,2026-08-05 03:18:15.340,145,healthy,0.77,0.97,0.92,6,0
1.0.0,2026-08-05 03:18:15.340,145,stemcrack,0.93,0.96,0.95,4,1
1.0.0,2026-08-05 03:18:16.705,146,healthy,0.93,0.98,0.97,11,1
1.0.0,2026-08-05 03:18:17.610,147,twin,0.89,0.98,0.96,12,1
1.0.0,2026-08-05 03:18:18.748,148,healthy,0.71,0.98,0.94,11,1
1.0.0,2026-08-05 03:18:19.795,149,twin,0.79,0.98,0.94,7,1
1.0.0,2026-08-05 03:18:19.795,149,healthy,0.71,0.94,0.84,5,0
1.0.0,2026-08-05 03:18:20.948,150,unripe,0.96,0.98,0.97,12,1
1.0.0,2026-08-05 03:18:22.251,151,twin,0.96,0.98,0.97,6,1
1.0.0,2026-08-05 03:18:22.251,151,healthy,0.92,0.95,0.94,6,0
1.0.0,2026-08-05 03:18:23.502,152,healthy,0.93,0.98,0.96,12,1
1.0.0,2026-08-05 03:18:24.549,153,twin,0.94,0.97,0.96,12,1
1.0.0,2026-08-05 03:18:25.748,154,unripe,0.96,0.98,0.97,12,1
1.0.0,2026-08-05 03:18:26.905,155,healthy,0.93,0.98,0.96,12,1
1.0.0,2026-08-05 03:18:28.156,156,healthy,0.82,0.97,0.92,6,0
1.0.0,2026-08-05 03:18:28.156,156,stemcrack,0.93,0.96,0.94,4,1
1.0.0,2026-08-05 03:18:29.481,157,healthy,0.96,0.98,0.97,12,1
1.0.0,2026-08-05 03:18:30.445,158,twin,0.95,0.98,0.97,12,1
1.0.0,2026-08-05 03:18:31.541,159,healthy,0.76,0.97,0.95,11,1
1.0.0,2026-08-05 03:18:32.589,160,twin,0.9,0.98,0.96,7,1
1.0.0,2026-08-05 03:18:32.589,160,healthy,0.84,0.94,0.9,5,0
1.0.0,2026-08-05 03:18:33.796,161,unripe,0.96,0.98,0.97,12,1
1.0.0,2026-08-05 03:18:35.049,162,twin,0.96,0.98,0.97,6,1
1.0.0,2026-08-05 03:18:35.049,162,healthy,0.94,0.95,0.94,6,0
1.0.0,2026-08-05 03:18:36.298,163,healthy,0.93,0.98,0.96,12,1
1.0.0,2026-08-05 03:18:37.355,164,twin,0.93,0.98,0.96,12,1
1.0.0,2026-08-05 03:18:38.549,165,unripe,0.96,0.98,0.97,12,1
1.0.0,2026-08-05 03:18:39.592,166,healthy,0.92,0.98,0.96,12,1
1.0.0,2026-08-05 03:18:40.949,167,healthy,0.87,0.96,0.93,6,0
1.0.0,2026-08-05 03:18:40.949,167,stemcrack,0.93,0.96,0.94,4,1
1.0.0,2026-08-05 03:18:42.281,168,healthy,0.79,0.98,0.95,11,0
1.0.0,2026-08-05 03:18:42.281,168,twin,0.84,0.84,0.84,1,1
1.0.0,2026-08-05 03:18:43.243,169,twin,0.88,0.98,0.96,12,1
1.0.0,2026-08-05 03:18:44.407,170,healthy,0.91,0.97,0.96,12,1
1.0.0,2026-08-05 03:18:45.450,171,twin,0.81,0.98,0.95,7,1
1.0.0,2026-08-05 03:18:45.450,171,healthy,0.87,0.93,0.9,5,0
1.0.0,2026-08-05 03:18:46.588,172,unripe,0.96,0.98,0.97,12,1
1.0.0,2026-08-05 03:18:47.861,173,twin,0.96,0.98,0.97,6,1
1.0.0,2026-08-05 03:18:47.861,173,healthy,0.93,0.94,0.93,6,0
1.0.0,2026-08-05 03:18:49.089,174,healthy,0.93,0.98,0.96,12,1
1.0.0,2026-08-05 03:18:50.189,175,twin,0.94,0.97,0.96,12,1
1.0.0,2026-08-05 03:18:51.402,176,unripe,0.97,0.98,0.97,12,1
1.0.0,2026-08-05 03:18:52.403,177,healthy,0.91,0.97,0.96,12,1
1.0.0,2026-08-05 03:18:53.788,178,healthy,0.75,0.96,0.88,6,0
1.0.0,2026-08-05 03:18:53.788,178,stemcrack,0.94,0.96,0.95,4,1
1.0.0,2026-08-05 03:18:55.104,179,healthy,0.9,0.98,0.95,11,1
1.0.0,2026-08-05 03:18:56.041,180,twin,0.96,0.98,0.97,12,1
1.0.0,2026-08-05 03:18:57.202,181,healthy,0.7,0.98,0.94,11,1
1.0.0,2026-08-05 03:18:58.249,182,healthy,0.76,0.94,0.9,5,0
1.0.0,2026-08-05 03:18:58.249,182,twin,0.93,0.98,0.96,7,1
1.0.0,2026-08-05 03:18:59.398,183,unripe,0.96,0.98,0.97,12,1
1.0.0,2026-08-05 03:19:00.656,184,twin,0.96,0.98,0.97,6,1
1.0.0,2026-08-05 03:19:00.656,184,healthy,0.92,0.94,0.93,6,0
1.0.0,2026-08-05 03:19:01.937,185,healthy,0.94,0.98,0.96,12,1
1.0.0,2026-08-05 03:19:02.994,186,twin,0.94,0.97,0.96,12,1
1.0.0,2026-08-05 03:19:04.203,187,unripe,0.97,0.98,0.97,12,1
1.0.0,2026-08-05 03:19:05.199,188,healthy,0.89,0.98,0.96,12,1
1.0.0,2026-08-05 03:19:06.604,189,healthy,0.82,0.96,0.92,6,0
1.0.0,2026-08-05 03:19:06.604,189,stemcrack,0.93,0.95,0.94,4,1
1.0.0,2026-08-05 03:19:07.902,190,healthy,0.89,0.98,0.95,12,1
1.0.0,2026-08-05 03:19:08.855,191,twin,0.95,0.98,0.97,12,1
1.0.0,2026-08-05 03:19:09.993,192,healthy,0.62,0.98,0.91,12,1
1.0.0,2026-08-05 03:19:11.040,193,twin,0.85,0.98,0.95,7,1
1.0.0,2026-08-05 03:19:11.040,193,healthy,0.71,0.94,0.86,5,0
1.0.0,2026-08-05 03:19:12.251,194,unripe,0.96,0.97,0.97,12,1
1.0.0,2026-08-05 03:19:13.482,195,twin,0.97,0.98,0.97,6,1
1.0.0,2026-08-05 03:19:13.482,195,healthy,0.91,0.95,0.93,6,0
1.0.0,2026-08-05 03:19:14.750,196,healthy,0.92,0.98,0.96,12,1
1.0.0,2026-08-05 03:19:15.799,197,twin,0.78,0.97,0.95,12,1
1.0.0,2026-08-05 03:19:16.997,198,unripe,0.97,0.98,0.97,12,1
1.0.0,2026-08-05 03:19:18.046,199,healthy,0.91,0.98,0.96,12,1
1.0.0,2026-08-05 03:19:19.400,200,healthy,0.85,0.97,0.92,6,0
1.0.0,2026-08-05 03:19:19.400,200,stemcrack,0.93,0.95,0.94,4,1
1.0.0,2026-08-05 03:19:20.736,201,healthy,0.87,0.98,0.95,11,1
1.0.0,2026-08-05 03:19:21.689,202,twin,0.88,0.98,0.96,12,1
1.0.0,2026-08-05 03:19:22.863,203,healthy,0.93,0.98,0.97,11,1
1.0.0,2026-08-05 03:19:23.853,204,twin,0.96,0.97,0.97,6,1
1.0.0,2026-08-05 03:19:23.853,204,healthy,0.74,0.92,0.86,6,0
1.0.0,2026-08-05 03:19:25.042,205,unripe,0.96,0.98,0.97,12,1
1.0.0,2026-08-05 03:19:26.295,206,twin,0.96,0.98,0.97,6,1
1.0.0,2026-08-05 03:19:26.295,206,healthy,0.92,0.95,0.93,6,0
1.0.0,2026-08-05 03:19:27.546,207,healthy,0.94,0.98,0.96,12,1
1.0.0,2026-08-05 03:19:28.606,208,twin,0.94,0.97,0.96,12,1
1.0.0,2026-08-05 03:19:29.795,209,unripe,0.97,0.98,0.97,12,1
1.0.0,2026-08-05 03:19:30.850,210,healthy,0.88,0.98,0.96,12,1
1.0.0,2026-08-05 03:19:32.200,211,healthy,0.84,0.97,0.92,6,0
1.0.0,2026-08-05 03:19:32.200,211,stemcrack,0.92,0.96,0.94,4,1
1.0.0,2026-08-05 03:19:33.546,212,healthy,0.9,0.97,0.95,12,1
1.0.0,2026-08-05 03:19:34.501,213,twin,0.91,0.98,0.96,12,1
1.0.0,2026-08-05 03:19:35.610,214,healthy,0.68,0.98,0.93,12,1
1.0.0,2026-08-05 03:19:36.699,215,twin,0.62,0.98,0.91,8,1
1.0.0,2026-08-05 03:19:36.699,215,healthy,0.81,0.9,0.87,4,0
1.0.0,2026-08-05 03:19:37.889,216,unripe,0.96,0.98,0.97,12,1
1.0.0,2026-08-05 03:19:39.091,217,twin,0.96,0.98,0.97,6,1
1.0.0,2026-08-05 03:19:39.091,217,healthy,0.92,0.96,0.94,6,0
1.0.0,2026-08-05 03:19:40.392,218,healthy,0.93,0.98,0.96,12,1
1.0.0,2026-08-05 03:19:41.438,219,twin,0.94,0.97,0.96,12,1
1.0.0,2026-08-05 03:19:42.649,220,unripe,0.96,0.98,0.97,12,1
1.0.0,2026-08-05 03:19:43.689,221,healthy,0.9,0.98,0.96,12,1
1.0.0,2026-08-05 03:19:45.049,222,healthy,0.83,0.97,0.93,6,0
1.0.0,2026-08-05 03:19:45.049,222,stemcrack,0.93,0.95,0.94,4,1
1.0.0,2026-08-05 03:19:46.342,223,healthy,0.82,0.98,0.92,11,1
1.0.0,2026-08-05 03:19:47.297,224,twin,0.96,0.98,0.97,12,1
1.0.0,2026-08-05 03:19:48.447,225,healthy,0.77,0.98,0.95,11,1
1.0.0,2026-08-05 03:19:49.500,226,twin,0.94,0.98,0.96,8,1
1.0.0,2026-08-05 03:19:49.500,226,healthy,0.9,0.94,0.92,4,0
1.0.0,2026-08-05 03:19:50.655,227,unripe,0.96,0.98,0.97,12,1
1.0.0,2026-08-05 03:19:51.892,228,twin,0.97,0.98,0.97,6,1
1.0.0,2026-08-05 03:19:51.892,228,healthy,0.93,0.95,0.94,6,0
1.0.0,2026-08-05 03:19:53.203,229,healthy,0.93,0.98,0.96,12,1
1.0.0,2026-08-05 03:19:54.246,230,twin,0.93,0.97,0.96,12,1
1.0.0,2026-08-05 03:19:55.436,231,unripe,0.96,0.98,0.97,12,1
1.0.0,2026-08-05 03:19:56.451,232,healthy,0.81,0.98,0.95,12,1
1.0.0,2026-08-05 03:19:57.858,233,healthy,0.84,0.96,0.92,6,0
1.0.0,2026-08-05 03:19:57.858,233,stemcrack,0.93,0.96,0.94,4,1
1.0.0,2026-08-05 03:19:59.190,234,healthy,0.88,0.97,0.95,10,1
1.0.0,2026-08-05 03:20:00.164,235,twin,0.84,0.98,0.96,12,1
1.0.0,2026-08-05 03:20:01.248,236,healthy,0.91,0.98,0.96,12,1
1.0.0,2026-08-05 03:20:02.300,237,healthy,0.69,0.92,0.85,6,0
1.0.0,2026-08-05 03:20:02.300,237,twin,0.96,0.97,0.97,6,1
1.0.0,2026-08-05 03:20:03.445,238,unripe,0.96,0.98,0.97,12,1
1.0.0,2026-08-05 03:20:04.746,239,twin,0.96,0.98,0.97,6,1
1.0.0,2026-08-05 03:20:04.746,239,healthy,0.92,0.95,0.94,6,0
1.0.0,2026-08-05 03:20:05.996,240,healthy,0.93,0.98,0.96,12,1
1.0.0,2026-08-05 03:20:07.049,241,twin,0.93,0.97,0.96,12,1
1.0.0,2026-08-05 03:20:08.250,242,unripe,0.96,0.98,0.97,12,1
1.0.0,2026-08-05 03:20:09.296,243,healthy,0.91,0.98,0.96,12,1
1.0.0,2026-08-05 03:20:10.649,244,healthy,0.82,0.96,0.91,6,0
1.0.0,2026-08-05 03:20:10.649,244,stemcrack,0.93,0.95,0.94,4,1
1.0.0,2026-08-05 03:20:11.995,245,healthy,0.66,0.98,0.93,12,1
1.0.0,2026-08-05 03:20:12.936,246,twin,0.92,0.98,0.97,12,1
1.0.0,2026-08-05 03:20:14.101,247,healthy,0.82,0.98,0.95,12,1
1.0.0,2026-08-05 03:20:15.093,248,twin,0.96,0.98,0.97,6,1
1.0.0,2026-08-05 03:20:15.093,248,healthy,0.67,0.87,0.81,6,0
1.0.0,2026-08-05 03:20:16.317,249,unripe,0.96,0.98,0.97,12,1
1.0.0,2026-08-05 03:20:17.548,250,twin,0.96,0.98,0.97,6,1
1.0.0,2026-08-05 03:20:17.548,250,healthy,0.93,0.95,0.94,6,0
1.0.0,2026-08-05 03:20:18.821,251,healthy,0.92,0.98,0.96,12,1
1.0.0,2026-08-05 03:20:19.857,252,twin,0.94,0.97,0.96,12,1
1.0.0,2026-08-05 03:20:21.047,253,unripe,0.96,0.98,0.97,12,1
1.0.0,2026-08-05 03:20:22.089,254,healthy,0.92,0.98,0.96,12,1
1.0.0,2026-08-05 03:20:23.484,255,healthy,0.74,0.96,0.89,6,0
1.0.0,2026-08-05 03:20:23.484,255,stemcrack,0.92,0.95,0.94,4,1
1.0.0,2026-08-05 03:20:24.790,256,healthy,0.67,0.98,0.92,11,1
1.0.0,2026-08-05 03:20:25.743,257,twin,0.96,0.98,0.97,12,1
1.0.0,2026-08-05 03:20:26.891,258,healthy,0.91,0.98,0.96,12,1
1.0.0,2026-08-05 03:20:27.937,259,twin,0.71,0.98,0.93,8,1
1.0.0,2026-08-05 03:20:27.937,259,healthy,0.89,0.94,0.91,4,0
1.0.0,2026-08-05 03:20:29.086,260,unripe,0.96,0.98,0.97,12,1
1.0.0,2026-08-05 03:20:30.352,261,twin,0.97,0.98,0.97,6,1
1.0.0,2026-08-05 03:20:30.352,261,healthy,0.92,0.95,0.93,6,0
1.0.0,2026-08-05 03:20:31.656,262,healthy,0.92,0.98,0.96,12,1
1.0.0,2026-08-05 03:20:32.698,263,twin,0.94,0.97,0.96,12,1
1.0.0,2026-08-05 03:20:33.861,264,unripe,0.97,0.98,0.97,12,1
1.0.0,2026-08-05 03:20:34.950,265,healthy,0.93,0.97,0.96,12,1
1.0.0,2026-08-05 03:20:36.293,266,healthy,0.83,0.97,0.93,6,0
1.0.0,2026-08-05 03:20:36.293,266,stemcrack,0.92,0.96,0.94,4,1
1.0.0,2026-08-05 03:20:37.649,267,healthy,0.71,0.98,0.92,11,1
1.0.0,2026-08-05 03:20:38.550,268,twin,0.89,0.98,0.97,12,1
1.0.0,2026-08-05 03:20:39.703,269,healthy,0.55,0.98,0.93,11,1
1.0.0,2026-08-05 03:20:40.747,270,twin,0.73,0.98,0.93,7,1
1.0.0,2026-08-05 03:20:40.747,270,healthy,0.84,0.93,0.89,5,0
1.0.0,2026-08-05 03:20:41.907,271,unripe,0.96,0.97,0.97,12,1
1.0.0,2026-08-05 03:20:43.188,272,twin,0.96,0.97,0.97,6,1
1.0.0,2026-08-05 03:20:43.188,272,healthy,0.92,0.97,0.94,6,0
1.0.0,2026-08-05 03:20:44.456,273,healthy,0.93,0.98,0.96,12,1
1.0.0,2026-08-05 03:20:45.495,274,twin,0.92,0.97,0.96,12,1
1.0.0,2026-08-05 03:20:46.700,275,unripe,0.96,0.98,0.97,12,1
1.0.0,2026-08-05 03:20:47.736,276,healthy,0.81,0.98,0.95,12,1
1.0.0,2026-08-05 03:20:49.102,277,healthy,0.84,0.97,0.93,6,0
1.0.0,2026-08-05 03:20:49.102,277,stemcrack,0.93,0.96,0.95,4,1
1.0.0,2026-08-05 03:20:50.486,278,healthy,0.85,0.98,0.95,10,0
1.0.0,2026-08-05 03:20:50.486,278,twin,0.55,0.94,0.74,2,1
1.0.0,2026-08-05 03:20:51.387,279,twin,0.95,0.98,0.97,12,1
1.0.0,2026-08-05 03:20:52.498,280,healthy,0.8,0.98,0.94,12,1
1.0.0,2026-08-05 03:20:53.542,281,twin,0.79,0.98,0.94,7,1
1.0.0,2026-08-05 03:20:53.542,281,healthy,0.81,0.92,0.89,5,0
1.0.0,2026-08-05 03:20:54.743,282,unripe,0.96,0.98,0.97,12,1
1.0.0,2026-08-05 03:20:55.994,283,twin,0.96,0.98,0.97,6,1
1.0.0,2026-08-05 03:20:55.994,283,healthy,0.93,0.96,0.94,6,0
1.0.0,2026-08-05 03:20:57.251,284,healthy,0.92,0.98,0.96,12,1
1.0.0,2026-08-05 03:20:58.300,285,twin,0.95,0.98,0.96,12,1
1.0.0,2026-08-05 03:20:59.502,286,unripe,0.96,0.98,0.97,12,1
1.0.0,2026-08-05 03:21:00.547,287,healthy,0.9,0.97,0.96,12,1
1.0.0,2026-08-05 03:21:01.890,288,healthy,0.86,0.97,0.92,6,0
1.0.0,2026-08-05 03:21:01.890,288,stemcrack,0.93,0.95,0.94,4,1
1.0.0,2026-08-05 03:21:03.243,289,healthy,0.67,0.98,0.91,10,0
1.0.0,2026-08-05 03:21:03.243,289,twin,0.7,0.7,0.7,1,1
1.0.0,2026-08-05 03:21:04.205,290,twin,0.95,0.98,0.97,12,1
1.0.0,2026-08-05 03:21:05.351,291,healthy,0.69,0.98,0.94,12,1
1.0.0,2026-08-05 03:21:06.404,292,twin,0.71,0.98,0.91,8,1
1.0.0,2026-08-05 03:21:06.404,292,healthy,0.82,0.94,0.87,4,0
1.0.0,2026-08-05 03:21:07.557,293,unripe,0.96,0.98,0.97,12,1
1.0.0,2026-08-05 03:21:08.800,294,twin,0.96,0.98,0.97,6,1
1.0.0,2026-08-05 03:21:08.800,294,healthy,0.93,0.96,0.94,6,0
1.0.0,2026-08-05 03:21:10.041,295,healthy,0.93,0.98,0.96,12,1
1.0.0,2026-08-05 03:21:11.109,296,twin,0.92,0.97,0.96,12,1
1.0.0,2026-08-05 03:21:12.300,297,unripe,0.96,0.98,0.97,12,1
1.0.0,2026-08-05 03:21:13.361,298,healthy,0.91,0.97,0.96,12,1
1.0.0,2026-08-05 03:21:14.748,299,healthy,0.84,0.96,0.92,6,0
1.0.0,2026-08-05 03:21:14.748,299,stemcrack,0.94,0.96,0.94,4,1
1.0.0,2026-08-05 03:21:16.105,300,healthy,0.94,0.98,0.97,8,0
1.0.0,2026-08-05 03:21:16.105,300,twin,0.76,0.88,0.82,2,1
1.0.0,2026-08-05 03:21:16.993,301,twin,0.95,0.98,0.97,12,1
1.0.0,2026-08-05 03:21:18.157,302,healthy,0.89,0.98,0.96,12,1
1.0.0,2026-08-05 03:21:19.201,303,healthy,0.78,0.92,0.89,5,0
1.0.0,2026-08-05 03:21:19.201,303,twin,0.78,0.98,0.94,7,1
1.0.0,2026-08-05 03:21:20.357,304,unripe,0.96,0.98,0.97,12,1
1.0.0,2026-08-05 03:21:21.604,305,twin,0.97,0.98,0.97,6,1
1.0.0,2026-08-05 03:21:21.604,305,healthy,0.92,0.96,0.94,6,0
1.0.0,2026-08-05 03:21:22.912,306,healthy,0.95,0.97,0.97,12,1
1.0.0,2026-08-05 03:21:23.954,307,twin,0.93,0.97,0.96,12,1
1.0.0,2026-08-05 03:21:25.172,308,unripe,0.96,0.97,0.97,12,1
1.0.0,2026-08-05 03:21:26.150,309,healthy,0.81,0.98,0.95,12,1
1.0.0,2026-08-05 03:21:27.550,310,healthy,0.89,0.96,0.94,6,0
1.0.0,2026-08-05 03:21:27.550,310,stemcrack,0.93,0.96,0.94,4,1
1.0.0,2026-08-05 03:21:28.903,311,healthy,0.78,0.98,0.95,11,1
1.0.0,2026-08-05 03:21:29.841,312,twin,0.91,0.98,0.97,12,1
1.0.0,2026-08-05 03:21:30.938,313,healthy,0.84,0.98,0.96,10,1
1.0.0,2026-08-05 03:21:31.996,314,twin,0.8,0.98,0.94,7,1
1.0.0,2026-08-05 03:21:31.996,314,healthy,0.87,0.93,0.9,5,0
1.0.0,2026-08-05 03:21:33.202,315,unripe,0.96,0.98,0.97,12,1
1.0.0,2026-08-05 03:21:34.454,316,twin,0.96,0.98,0.97,6,1
1.0.0,2026-08-05 03:21:34.454,316,healthy,0.93,0.96,0.94,6,0
1.0.0,2026-08-05 03:21:35.696,317,healthy,0.92,0.98,0.96,12,1
1.0.0,2026-08-05 03:21:36.750,318,twin,0.86,0.97,0.95,12,1
1.0.0,2026-08-05 03:21:37.950,319,unripe,0.97,0.98,0.97,12,1
1.0.0,2026-08-05 03:21:38.987,320,healthy,0.84,0.98,0.96,12,1
1.0.0,2026-08-05 03:21:40.354,321,healthy,0.86,0.97,0.93,6,0
1.0.0,2026-08-05 03:21:40.354,321,stemcrack,0.93,0.95,0.94,4,1
1.0.0,2026-08-05 03:21:41.789,322,healthy,0.93,0.98,0.96,11,1
1.0.0,2026-08-05 03:21:42.650,323,twin,0.76,0.98,0.95,12,1
1.0.0,2026-08-05 03:21:43.819,324,healthy,0.93,0.98,0.96,11,1
1.0.0,2026-08-05 03:21:44.851,325,twin,0.96,0.98,0.97,6,1
1.0.0,2026-08-05 03:21:44.851,325,healthy,0.58,0.93,0.83,6,0
1.0.0,2026-08-05 03:21:45.996,326,unripe,0.97,0.98,0.97,12,1
1.0.0,2026-08-05 03:21:47.245,327,twin,0.96,0.98,0.97,6,1
1.0.0,2026-08-05 03:21:47.245,327,healthy,0.92,0.95,0.94,6,0
1.0.0,2026-08-05 03:21:48.500,328,healthy,0.94,0.98,0.96,12,1
1.0.0,2026-08-05 03:21:49.539,329,twin,0.89,0.97,0.95,12,1
1.0.0,2026-08-05 03:21:50.749,330,unripe,0.97,0.98,0.97,12,1
1.0.0,2026-08-05 03:21:51.798,331,healthy,0.89,0.97,0.96,12,1
1.0.0,2026-08-05 03:21:53.190,332,healthy,0.83,0.97,0.92,6,0
1.0.0,2026-08-05 03:21:53.190,332,stemcrack,0.93,0.96,0.94,4,1
1.0.0,2026-08-05 03:21:54.501,333,healthy,0.96,0.98,0.97,11,1
1.0.0,2026-08-05 03:21:55.450,334,twin,0.86,0.98,0.96,12,1
1.0.0,2026-08-05 03:21:56.545,335,healthy,0.76,0.98,0.94,12,1
1.0.0,2026-08-05 03:21:57.654,336,twin,0.58,0.98,0.91,8,1
1.0.0,2026-08-05 03:21:57.654,336,healthy,0.72,0.92,0.8,4,0
1.0.0,2026-08-05 03:21:58.793,337,unripe,0.96,0.98,0.97,12,1
1.0.0,2026-08-05 03:22:00.043,338,twin,0.96,0.98,0.97,6,1
1.0.0,2026-08-05 03:22:00.043,338,healthy,0.92,0.95,0.94,6,0
1.0.0,2026-08-05 03:22:01.338,339,healthy,0.91,0.98,0.96,12,1
1.0.0,2026-08-05 03:22:02.403,340,twin,0.93,0.97,0.96,12,1
1.0.0,2026-08-05 03:22:03.592,341,unripe,0.97,0.98,0.97,12,1
1.0.0,2026-08-05 03:22:04.698,342,healthy,0.92,0.97,0.96,12,1
1.0.0,2026-08-05 03:22:05.993,343,healthy,0.83,0.97,0.93,6,0
1.0.0,2026-08-05 03:22:05.993,343,stemcrack,0.93,0.95,0.94,4,1
1.0.0,2026-08-05 03:22:07.341,344,healthy,0.9,0.98,0.96,9,0
1.0.0,2026-08-05 03:22:07.341,344,twin,0.79,0.79,0.79,1,1
1.0.0,2026-08-05 03:22:08.248,345,twin,0.88,0.98,0.96,12,1
1.0.0,2026-08-05 03:22:09.405,346,healthy,0.53,0.98,0.92,11,1
1.0.0,2026-08-05 03:22:10.452,347,twin,0.93,0.97,0.96,7,1
1.0.0,2026-08-05 03:22:10.452,347,healthy,0.79,0.94,0.86,5,0
1.0.0,2026-08-05 03:22:11.602,348,unripe,0.96,0.98,0.97,12,1
1.0.0,2026-08-05 03:22:12.865,349,twin,0.96,0.98,0.97,6,1
1.0.0,2026-08-05 03:22:12.865,349,healthy,0.93,0.95,0.94,6,0
1.0.0,2026-08-05 03:22:14.152,350,healthy,0.93,0.98,0.96,12,1
1.0.0,2026-08-05 03:22:19.029,351,twin,0.94,0.97,0.96,12,1
# === SESSION END   2026-08-05 03:22:19 ===
